team,Avg Points Per Game,Avg Poss Per Game
Abilene Christian Wildcats,73.0,73.69
Adams State Grizzlies,83.0,82.0
Air Force Falcons,66.5,64.87
Akron Zips,74.39,68.23
Alabama A&M Bulldogs,68.81,73.63
Alabama Crimson Tide,90.84,76.06
Alabama State Hornets,69.19,72.35
Alcorn State Braves,72.16,69.36
Alice Lloyd College Eagles,82.0,73.49
American University Eagles,69.13,64.82
App State Mountaineers,78.88,72.34
Apprentice School Builders,56.0,72.7
Arizona State Sun Devils,69.42,71.84
Arizona Wildcats,88.84,76.04
Arkansas Razorbacks,78.12,74.8
Arkansas State Red Wolves,76.65,69.59
Arkansas-Pine Bluff Golden Lions,77.03,72.97
Army Black Knights,60.06,64.73
Auburn Tigers,83.24,72.68
Austin Peay Governors,74.45,67.95
Avila Eagles,48.0,73.12
BYU Cougars,82.31,70.94
Ball State Cardinals,73.67,69.61
Baylor Bears,81.12,69.54
Bellarmine Knights,68.87,67.88
Belmont Bruins,78.38,73.25
Bethany (WV) Bison,56.0,85.82
Bethel (TN) Wildcats,74.0,76.82
Bethesda University Flames,63.29,82.21
Bethune-Cookman Wildcats,73.16,73.86
Binghamton Bearcats,72.38,70.58
Blue Mountain Toppers,60.0,72.31
Bob Jones Bruins,49.0,68.96
Boise State Broncos,76.13,68.45
Boston College Eagles,75.0,69.52
Boston University Terriers,66.06,67.34
Bowling Green Falcons,73.97,71.54
Boyce Bulldogs,56.5,75.89
Bradley Braves,74.81,69.12
Brescia Bearcats,57.33,80.12
Brevard Tornados,68.0,74.77
Bridgewater College (VA) Eagles,70.0,70.42
Brown Bears,71.7,70.3
Bryant Bulldogs,79.0,77.62
Bryn Athyn Lions,40.0,65.96
Bucknell Bison,65.25,65.71
Buffalo Bulls,68.0,71.69
Butler Bulldogs,77.42,71.36
Cairn University Highlanders,65.0,73.49
Cal Poly Mustangs,62.9,68.98
Cal State Bakersfield Roadrunners,68.42,68.22
Cal State Fullerton Titans,67.77,69.22
Cal State Northridge Matadors,75.24,75.39
California Baptist Lancers,67.66,67.5
California Golden Bears,73.9,72.29
Campbell Fighting Camels,71.13,69.0
Canisius Golden Griffins,70.97,70.7
Carolina University Bruins,51.0,82.06
Carroll (MT) Fighting Saints,73.0,77.56
Central Arkansas Bears,71.97,72.09
Central Connecticut Blue Devils,72.7,69.8
Central Michigan Chippewas,66.81,69.41
Chaminade Silverswords,52.0,71.42
Champion Christian Tigers,66.29,87.32
Charleston Cougars,80.42,71.0
Charleston Southern Buccaneers,68.03,69.32
Charlotte 49ers,69.23,64.71
Chattanooga Mocs,78.03,69.97
Chicago State Cougars,68.28,69.24
Cincinnati Bearcats,75.18,70.07
Clarks Summit Defenders,63.0,80.56
Cleary University Cougars,70.0,81.17
Clemson Tigers,78.13,69.42
Cleveland State Vikings,76.39,70.21
Coastal Carolina Chanticleers,73.8,73.27
Coastal Georgia Mariner,55.0,75.63
Colgate Raiders,71.42,67.54
College Of Biblical Studies Ambassadors,63.5,73.82
Colorado Buffaloes,79.64,71.26
Colorado College Tigers,58.0,75.35
Colorado State Rams,76.82,68.5
Columbia International Rams,58.0,79.56
Columbia Lions,77.0,71.23
Coppin State Eagles,58.11,66.88
Cornell Big Red,82.96,73.02
Creighton Bluejays,80.77,69.75
Dallas Christian Crusaders,49.0,80.52
Dartmouth Big Green,61.31,67.26
Davidson Wildcats,70.29,67.77
Dayton Flyers,72.9,63.73
DePaul Blue Demons,64.97,69.76
Defiance Yellow Jackets,34.5,72.5
Delaware Blue Hens,73.69,69.13
Delaware State Hornets,70.88,72.77
Denver Pioneers,81.42,73.99
Detroit Mercy Titans,65.55,69.7
Dillard Blue Devils,65.0,77.03
Drake Bulldogs,80.36,71.49
Drexel Dragons,72.84,66.9
Duke Blue Devils,80.19,68.38
Duquesne Dukes,71.18,68.39
East Carolina Pirates,69.62,67.37
East Tennessee State Buccaneers,71.56,69.95
East Texas A&M Lions,72.19,72.45
East-West University Phantoms,49.0,78.1
Eastern Illinois Panthers,69.26,67.53
Eastern Kentucky Colonels,81.3,73.65
Eastern Michigan Eagles,66.17,67.87
Eastern Washington Eagles,81.19,72.48
Ecclesia Royals,67.0,83.96
Elon Phoenix,73.68,69.31
Erskine Flying Fleet,58.0,72.59
Eureka Red Devils,39.0,76.7
Evansville Purple Aces,71.94,71.07
Fairfield Stags,76.18,70.36
Fairleigh Dickinson Knights,76.42,75.61
Felician Golden Falcons,67.0,76.03
Fisher College Eagles,79.0,91.44
Fisk Bulldogs,30.5,36.48
Florida A&M Rattlers,67.25,72.4
Florida Atlantic Owls,82.84,71.39
Florida Gators,85.68,75.63
Florida Gulf Coast Eagles,70.65,66.85
Florida International Panthers,74.06,73.7
Florida State Seminoles,76.84,73.91
Fordham Rams,70.72,72.4
Fresno Pacific Sunbirds,66.0,69.28
Fresno State Bulldogs,67.44,68.08
Furman Paladins,79.56,73.34
Gardner-Webb Runnin' Bulldogs,73.56,71.62
George Mason Patriots,71.48,66.19
George Washington Revolutionaries,77.32,73.7
Georgetown Hoyas,71.32,69.12
Georgia Bulldogs,74.62,71.48
Georgia Southern Eagles,73.12,71.75
Georgia State Panthers,76.53,72.18
Georgia Tech Yellow Jackets,70.71,70.67
Gonzaga Bulldogs,85.68,71.65
Goshen Maple Leafs,40.0,73.84
Grambling Tigers,67.36,68.98
Grand Canyon Lopes,79.5,70.96
Green Bay Phoenix,68.55,65.73
Gwynedd-Mercy Griffins,58.0,80.21
Hampton Pirates,70.27,69.8
Hannibal-LaGrange Trojans,52.0,67.96
Harvard Crimson,70.42,69.39
Hawai'i Rainbow Warriors,72.52,69.63
High Point Panthers,84.38,71.74
Hofstra Pride,74.69,67.96
Holy Cross Crusaders,66.56,66.78
Houston Christian Huskies,71.64,75.47
Houston Cougars,74.0,65.83
Howard Bison,75.3,72.37
IU Indianapolis Jaguars,65.87,70.01
Idaho State Bengals,70.88,67.3
Idaho Vandals,67.94,67.25
Illinois Fighting Illini,84.15,72.45
Illinois State Redbirds,66.94,66.43
Incarnate Word Cardinals,72.93,73.69
Indiana Hoosiers,72.5,70.63
Indiana State Sycamores,84.55,72.87
Iona Gaels,71.59,69.09
Iowa Hawkeyes,83.1,73.77
Iowa State Cyclones,75.76,69.66
Jackson State Tigers,71.52,71.9
Jacksonville Dolphins,71.38,70.26
Jacksonville State Gamecocks,70.1,68.65
James Madison Dukes,84.15,74.1
Jarvis Christian Bulldogs,66.0,89.91
John Brown Golden Eagles,70.0,72.07
Johnson & Wales (NC),61.0,72.77
Johnson University Florida Suns,44.5,83.46
Kansas City Roos,72.26,69.79
Kansas Jayhawks,76.0,71.31
Kansas State Wildcats,72.34,71.53
Kennesaw State Owls,82.73,77.78
Kent State Golden Flashes,75.24,70.0
Kentucky Christian Knights,54.0,71.35
Kentucky State Thorobreds,57.5,75.12
Kentucky Wildcats,89.52,76.09
Keystone Giants,50.0,77.59
King (TN) Tornado,56.0,82.7
LSU Tigers,76.87,72.35
La Salle Explorers,72.66,69.55
La Verne Leopards,62.0,75.84
Lafayette Leopards,62.87,67.09
Lake Erie Storm,69.0,77.89
Lamar Cardinals,78.47,72.99
Le Moyne Dolphins,73.13,70.71
LeTourneau Yellow Jackets,49.0,68.63
Lehigh Mountain Hawks,73.26,72.93
Lewis & Clark Pioneers,72.0,76.21
Liberty Flames,74.35,67.34
Life Pacific Warriors,70.0,81.36
Lindenwood Lions,65.67,70.0
Linfield College Wildcats,46.0,70.05
Lipscomb Bisons,82.29,71.94
Little Rock Trojans,78.06,71.55
Long Beach State Beach,77.85,74.85
Long Island University Sharks,64.24,70.32
Longwood Lancers,75.27,71.13
Louisiana Ragin' Cajuns,74.0,69.27
Louisiana Tech Bulldogs,75.0,69.29
Louisville Cardinals,71.58,72.04
Loyola Chicago Ramblers,73.42,70.79
Loyola Maryland Greyhounds,64.55,67.54
Loyola Marymount Lions,72.47,67.68
Loyola New Orleans Wolfpack,54.0,67.03
Maine Black Bears,67.94,70.0
Manhattan Jaspers,66.48,71.53
Marist Red Foxes,64.77,66.63
Marquette Golden Eagles,78.94,70.64
Marshall Thundering Herd,74.09,73.68
Maryland Eastern Shore Hawks,62.38,67.4
Maryland Terrapins,69.44,68.25
Massachusetts Minutemen,78.07,70.74
McNeese Cowboys,80.06,68.76
Memphis Tigers,81.0,74.1
Mercer Bears,71.59,68.55
Merrimack Warriors,69.88,70.85
Miami (OH) RedHawks,70.84,70.05
Miami Hurricanes,76.1,71.38
Michigan State Spartans,73.47,67.97
Michigan Wolverines,73.45,71.1
Mid-America Christian Evangels,69.0,69.38
Mid-Atlantic Christian Mustangs,46.33,76.42
Middle Tennessee Blue Raiders,66.03,68.89
Midway University Eagles,61.4,71.3
Milwaukee Panthers,79.59,73.31
Minnesota Golden Gophers,75.68,69.38
Mississippi State Bulldogs,75.03,70.52
Mississippi University For Women Owls,60.0,71.35
Mississippi Valley State Delta Devils,55.07,67.65
Missouri Baptist Spartans,62.0,74.91
Missouri State Bears,71.62,70.34
Missouri Tigers,72.58,70.23
Mobile Rams,83.0,75.31
Monmouth Hawks,72.84,69.16
Montana Grizzlies,77.42,68.34
Montana State Bobcats,74.82,71.59
Montreat Cavaliers,50.0,73.42
Morehead State Eagles,75.67,67.41
Morgan State Bears,72.93,73.51
Mount Marty College Lancers,59.5,72.36
Mount Olive Trojans,66.0,84.49
Mount St. Mary's Mountaineers,73.1,71.61
Murray State Racers,70.87,66.88
NC State Wolfpack,76.14,70.61
NJIT Highlanders,67.41,69.42
Navy Midshipmen,66.63,67.39
Nebraska Cornhuskers,77.28,71.29
Nevada Wolf Pack,76.38,68.59
New Hampshire Wildcats,74.63,74.64
New Mexico Lobos,82.12,71.92
New Mexico State Aggies,67.65,70.75
New Orleans Privateers,74.06,75.34
Niagara Purple Eagles,72.9,69.86
Nicholls Colonels,73.82,71.55
Norfolk State Spartans,74.31,70.15
North Alabama Lions,76.65,71.38
North American Stallions,70.5,84.04
North Carolina A&T Aggies,65.68,69.13
North Carolina Central Eagles,77.23,71.47
North Carolina Tar Heels,81.64,72.89
North Dakota Fighting Hawks,75.35,69.23
North Dakota State Bison,75.16,69.56
North Florida Ospreys,77.35,71.23
North Greenville Crusaders,63.5,78.96
North Texas Mean Green,69.03,64.48
Northeastern Huskies,69.55,66.9
Northern Arizona Lumberjacks,68.91,70.67
Northern Colorado Bears,80.39,73.36
Northern Illinois Huskies,73.03,72.07
Northern Iowa Panthers,73.28,69.39
Northern Kentucky Norse,74.84,71.73
Northern New Mexico Eagles,62.33,74.88
Northwest Indian RedHawks,63.0,78.35
Northwest University Eagles,51.0,73.56
Northwestern State Demons,70.74,72.28
Northwestern Wildcats,74.1,66.84
Notre Dame Fighting Irish,64.19,66.59
Oakland City Mighty Oaks,49.0,75.49
Oakland Golden Grizzlies,76.21,70.34
Occidental Tigers,51.0,75.14
Ohio Bobcats,77.78,70.21
Ohio State Buckeyes,74.94,68.32
Oklahoma Sooners,75.55,69.9
Oklahoma State Cowboys,71.29,69.94
Old Dominion Monarchs,70.48,72.76
Ole Miss Rebels,75.06,69.54
Omaha Mavericks,74.31,69.71
Oral Roberts Golden Eagles,73.73,70.46
Oregon Ducks,75.33,70.39
Oregon State Beavers,69.26,69.61
Pacific Tigers,65.42,70.9
Paul Quinn Tigers,59.5,81.34
Penn State - Wilkes-Barre Mountain Lions,55.0,84.77
Penn State Nittany Lions,75.59,71.9
Pennsylvania Quakers,74.14,68.71
Pepperdine Waves,73.47,67.35
Pfeiffer Falcons,60.0,74.44
Pittsburgh Panthers,75.94,68.08
Portland Pilots,69.97,68.42
Portland State Vikings,71.65,70.91
Prairie View A&M Panthers,67.68,71.83
Presbyterian Blue Hose,75.16,70.77
Princeton Tigers,76.93,66.21
Providence Friars,73.0,70.59
Purdue Boilermakers,83.66,71.03
Purdue Fort Wayne Mastodons,81.38,74.28
Queens University Royals,80.38,75.21
Quinnipiac Bobcats,78.34,72.99
Radford Highlanders,72.31,67.27
Regent Royals,29.0,71.98
Reinhardt Eagles,46.0,79.28
Rhode Island Rams,72.61,70.34
Rice Owls,71.71,69.6
Richmond Spiders,72.68,68.9
Rider Broncs,72.94,71.07
Robert Morris Colonials,73.0,70.86
Rutgers Scarlet Knights,65.84,69.93
SE Louisiana Lions,69.13,68.71
SIU Edwardsville Cougars,71.78,68.85
SMU Mustangs,76.87,69.79
Sacramento State Hornets,67.0,66.61
Sacred Heart Pioneers,74.68,71.85
Saint Joseph's Hawks,76.03,69.97
Saint Joseph's Long Island Golden Eagles,48.0,70.6
Saint Louis Billikens,75.0,71.15
Saint Mary of the Woods College Pomeroys,60.0,73.38
Saint Mary's Gaels,74.41,64.65
Saint Peter's Peacocks,65.26,67.53
Sam Houston Bearkats,72.44,71.55
Samford Bulldogs,86.27,75.5
San Diego State Aztecs,75.0,69.72
San Diego Toreros,70.09,70.38
San Francisco Dons,77.94,69.59
San José State Spartans,69.87,68.03
Santa Clara Broncos,77.28,71.57
Schreiner Mountaineers,63.0,80.82
Science & Arts (OK) Drovers,72.0,88.54
Seattle U Redhawks,73.62,71.46
Seton Hall Pirates,72.81,69.15
Shawnee State Bears,40.0,70.84
Siena Saints,60.29,68.28
South Alabama Jaguars,74.06,72.47
South Carolina Gamecocks,72.56,65.89
South Carolina State Bulldogs,70.55,72.74
South Carolina Upstate Spartans,71.38,70.76
South Dakota Coyotes,76.52,72.29
South Dakota Mines Hardrockers,48.0,69.24
South Dakota State Jackrabbits,76.79,70.22
South Florida Bulls,75.6,70.51
Southeast Missouri State Redhawks,66.93,71.89
Southern Illinois Salukis,72.35,67.39
Southern Indiana Screaming Eagles,68.74,71.38
Southern Jaguars,71.52,72.35
Southern Miss Golden Eagles,70.23,70.59
Southern Utah Thunderbirds,75.27,73.05
Southern Virginia Knights,56.0,68.7
Southern-New Orleans Knights,62.33,82.07
Southwestern Adventist Knights,52.5,83.63
Spalding Pelicans,63.0,73.96
St. Andrews Knights,49.0,80.52
St. Bonaventure Bonnies,73.88,68.44
St. Francis (IL) Fighting Saints,56.0,57.88
St. Francis (PA) Red Flash,65.28,68.51
St. John's Red Storm,78.5,70.77
St. Mary's (MD) Seahawks,43.0,67.77
St. Thomas-Minnesota Tommies,73.53,65.28
Stanford Cardinal,76.81,73.08
Stanislaus State Warriors,28.0,72.52
Stephen F. Austin Lumberjacks,74.53,74.5
Stetson Hatters,77.0,68.57
Stonehill Skyhawks,63.33,70.64
Stony Brook Seawolves,73.35,69.72
Syracuse Orange,76.68,73.2
TCU Horned Frogs,80.31,73.11
Tarleton State Texans,73.19,69.76
Temple Owls,70.91,70.3
Tennessee State Tigers,73.16,71.72
Tennessee Tech Golden Eagles,68.2,69.14
Tennessee Volunteers,80.23,71.84
Texas A&M Aggies,74.33,68.66
Texas A&M-Corpus Christi Islanders,75.61,72.82
Texas Longhorns,76.61,69.4
Texas Southern Tigers,70.29,71.38
Texas State Bobcats,69.91,70.21
Texas Tech Red Raiders,76.09,68.62
The Citadel Bulldogs,70.45,68.21
Thomas (ME) Terriers,48.0,70.14
Toccoa Falls Eagles,55.33,79.54
Toledo Rockets,80.68,71.95
Towson Tigers,67.88,64.95
Trinity (FL) Tigers,46.0,89.1
Trinity Baptist Eagles,57.0,81.94
Troy Trojans,79.94,73.93
Tulane Green Wave,82.3,76.26
Tulsa Golden Hurricane,74.87,73.58
UAB Blazers,77.61,71.1
UAlbany Great Danes,78.87,76.4
UC Davis Aggies,71.28,69.55
UC Irvine Anteaters,77.66,71.35
UC Merced Bobcats,69.0,63.98
UC Riverside Highlanders,70.82,68.92
UC San Diego Tritons,76.23,68.57
UC Santa Barbara Gauchos,75.1,70.73
UCF Knights,71.48,70.87
UCLA Bruins,65.97,66.19
UConn Huskies,81.73,67.16
UIC Flames,71.0,71.08
UL Monroe Warhawks,69.83,71.0
UMBC Retrievers,78.32,75.66
UMass Lowell River Hawks,80.65,74.93
UNC Asheville Bulldogs,79.48,72.66
UNC Greensboro Spartans,76.13,68.28
UNC Wilmington Seahawks,80.17,69.11
UNLV Rebels,70.94,65.55
UNT Dallas Trailblazers,59.5,73.96
USC Trojans,74.91,71.96
UT Arlington Mavericks,76.97,73.12
UT Martin Skyhawks,81.65,76.48
UT Rio Grande Valley Vaqueros,70.73,75.95
UTEP Miners,72.7,72.76
UTSA Roadrunners,78.13,73.86
University of Health Sciences & Pharmacy Eutectics,46.0,81.24
University of Saint Katherine Saint Katherine,44.0,68.31
Utah State Aggies,80.09,71.45
Utah Tech Trailblazers,70.77,73.89
Utah Utes,78.69,72.53
Utah Valley Wolverines,68.9,71.17
VCU Rams,72.12,67.96
VMI Keydets,68.97,75.98
Valparaiso Beacons,67.81,69.82
Vanderbilt Commodores,67.35,68.67
Vanguard Lions,55.0,79.82
Vermont Catamounts,72.52,66.79
Vermont State - Johnson Badgers,57.0,70.35
Villanova Wildcats,70.69,66.8
Virginia Cavaliers,63.53,62.79
Virginia Tech Hokies,74.97,68.48
Virginia-Lynchburg Dragons,58.43,81.69
Voorhees Tigers,57.0,71.77
Wagner Seahawks,63.87,64.86
Wake Forest Demon Deacons,78.47,69.98
Waldorf College Warriors,71.0,74.89
Washington Huskies,80.81,74.59
Washington State Cougars,75.0,68.46
Weber State Wildcats,75.23,68.49
West Virginia Mountaineers,69.32,70.63
Westcliff Warriors,57.5,76.66
Western Carolina Catamounts,76.87,70.66
Western Illinois Leathernecks,69.22,68.64
Western Kentucky Hilltoppers,80.66,77.22
Western Michigan Broncos,71.81,70.29
Western New Mexico Mustangs,43.0,67.03
Wichita State Shockers,73.18,71.44
Wilberforce Bulldogs,75.0,98.98
William & Mary Tribe,70.28,68.17
Winthrop Eagles,78.03,71.37
Wisconsin Badgers,74.71,67.41
Wisconsin-Stout Blue Devils,73.0,78.77
Wofford Terriers,75.06,69.55
Wright State Raiders,86.13,74.23
Wyoming Cowboys,72.84,69.58
Xavier (LA) Gold Nuggets,62.0,70.05
Xavier Musketeers,76.34,72.97
Yale Bulldogs,75.6,68.05
Youngstown State Penguins,81.55,72.56
