Rank,Team,2024,Last 3,Last 1,Home,Away,2023
1,Alabama,91.2,87.7,93,91.3,91.1,90.1
2,Gonzaga,87.5,91.7,85,91.2,84.3,83.4
3,Kentucky,85.8,88.0,91,90.7,79.1,89.0
4,Auburn,85.2,85.7,91,87.3,83.1,83.1
5,Missouri,84.5,86.7,83,87.4,79.5,72.2
6,Florida,84.5,92.7,90,86.3,82.5,85.6
7,South Dakota,84.4,84.0,75,88.2,81.4,74.3
8,Illinois,83.7,87.3,88,84.4,82.9,83.4
9,Duke,83.5,91.7,82,85.5,81.0,78.6
10,Akron,83.3,87.0,88,87.4,79.4,72.0
11,Cornell,83.2,97.3,100,84.3,82.2,80.4
12,Winthrop,82.3,81.0,69,89.8,77.6,75.0
13,Iowa,82.3,74.7,83,86.6,76.3,83.1
14,UAB,82.2,79.3,68,83.6,80.2,77.0
15,Arizona,82.0,85.3,76,87.3,76.3,87.1
16,Samford,82.0,91.0,78,82.5,81.5,84.5
17,High Point,81.7,80.7,81,82.5,81.0,82.1
18,North Carolina,81.7,84.0,69,84.9,78.8,81.9
19,St Thomas,81.6,80.0,75,85.5,79.5,70.4
20,Maryland,81.5,71.0,74,84.3,77.1,69.0
21,Yale,81.5,70.3,70,83.0,80.6,73.2
22,BYU,81.4,83.3,85,85.9,75.8,81.4
23,Santa Clara,81.3,83.0,76,82.9,79.9,76.0
24,Texas Tech,81.1,84.7,85,83.7,77.5,75.3
24,Cal Poly,81.1,93.7,83,84.0,79.0,63.1
24,SMU,81.1,71.3,69,83.2,78.6,76.7
27,N Florida,80.9,77.3,69,83.9,78.9,75.6
28,New Mexico,80.9,81.3,81,83.3,78.5,80.8
29,Wisconsin,80.8,70.3,75,83.0,78.1,74.7
30,N Dakota St,80.7,81.0,84,82.7,79.4,71.9
31,Utah St,80.3,72.7,87,86.6,73.2,78.9
32,Iowa St,80.1,80.7,73,83.8,75.6,75.3
33,CS Northridge,80.1,88.0,82,80.5,79.8,73.8
34,Bryant,80.1,85.0,85,81.1,79.5,75.8
35,Memphis,80.0,82.3,84,80.7,79.3,80.5
36,Vanderbilt,79.9,80.7,68,84.0,74.9,67.9
37,N Colorado,79.8,75.7,76,84.8,76.4,79.0
38,Mississippi St,79.6,85.0,92,83.3,76.2,74.1
39,Purdue FW,79.4,66.0,67,82.5,77.3,78.3
40,Louisville,79.3,77.3,68,78.0,80.9,72.0
41,Ohio St,79.1,87.7,60,84.7,72.3,75.5
41,Penn St,79.1,76.0,86,83.8,73.4,75.1
43,S Dakota St,79.0,69.3,69,87.9,73.6,75.2
44,Indiana St,79.0,85.0,85,78.0,79.6,84.7
45,Belmont,78.9,65.3,50,81.6,76.5,77.4
46,NC Asheville,78.9,79.0,67,83.3,76.4,75.9
47,Ohio,78.9,78.7,82,81.8,76.3,76.3
48,Washington St,78.8,86.3,75,85.9,73.6,73.5
49,Florida Atlantic,78.6,76.7,81,79.2,78.3,82.0
50,St John's,78.6,77.7,86,81.0,75.3,78.8
50,Oklahoma,78.6,85.3,76,83.2,73.0,75.4
52,UCF,78.6,75.3,65,75.9,82.2,71.7
53,Michigan,78.5,66.7,62,82.2,74.7,72.9
54,Arkansas St,78.5,77.3,81,78.6,78.4,78.8
55,Chattanooga,78.4,81.3,77,80.9,76.4,76.8
55,Michigan St,78.4,80.3,79,81.9,74.7,72.9
57,UCSD,78.3,79.3,68,80.2,76.9,74.7
58,Purdue,78.3,85.3,80,85.1,70.9,82.3
59,Texas,78.1,75.3,72,82.2,72.5,75.4
60,UConn,78.0,76.0,81,81.3,74.6,81.4
61,N Alabama,78.0,77.7,65,84.9,71.9,74.8
62,Temple,78.0,73.3,66,80.3,76.2,70.5
63,Miami OH,77.9,76.3,79,84.0,72.3,68.6
64,Omaha,77.8,85.0,85,79.5,76.8,72.3
65,Xavier,77.7,83.3,76,81.5,73.1,75.9
66,Lipscomb,77.7,80.3,76,80.4,75.0,80.4
67,Mississippi,77.6,78.7,71,78.1,77.1,74.9
68,Grand Canyon,77.6,78.0,81,82.3,71.8,77.8
69,Rhode Island,77.3,82.7,86,79.8,74.3,71.8
70,UMBC,77.3,72.3,74,77.8,76.8,78.5
71,VCU,77.1,75.7,76,79.5,74.7,71.0
72,Columbia,77.1,78.7,81,81.3,72.5,73.6
73,Toledo,77.1,85.7,96,77.3,76.9,80.0
74,Clemson,77.1,71.3,65,80.5,72.9,77.4
75,Marquette,76.9,75.3,84,80.4,72.8,78.1
76,Delaware,76.9,87.0,82,78.1,76.2,72.3
77,NC Wilmington,76.8,78.3,68,78.0,75.5,75.8
78,Oregon,76.7,78.3,80,78.3,75.1,75.6
79,Charleston,76.7,77.7,67,83.2,71.7,80.5
80,Milwaukee,76.7,74.7,64,79.6,74.1,79.0
81,Arkansas,76.6,78.7,93,80.2,72.4,77.8
81,Rutgers,76.6,76.0,75,75.6,77.8,65.4
83,Pittsburgh,76.6,74.7,93,83.1,68.6,75.6
84,Longwood,76.6,73.7,79,76.2,76.9,72.9
85,E Kentucky,76.5,69.3,67,79.0,75.1,76.5
86,William & Mary,76.5,73.0,78,79.3,74.6,68.5
87,Wright St,76.5,81.3,62,80.0,73.9,86.2
88,Morgan St,76.4,79.0,75,79.6,74.1,69.8
89,USC,76.4,72.0,63,79.9,70.8,74.1
90,Robert Morris,76.4,81.3,79,76.9,75.9,72.2
91,North Dakota,76.3,77.7,69,81.4,72.8,73.8
92,S Carolina St,76.2,85.7,87,83.3,72.7,69.3
93,San Francisco,76.2,79.0,76,79.5,73.2,76.2
94,UMass Lowell,76.1,71.0,64,81.5,70.3,77.0
95,Tennessee St,76.1,70.7,69,79.8,73.6,70.2
96,Manhattan,76.0,84.3,78,77.7,74.5,65.7
97,Bradley,75.9,62.7,48,78.4,73.8,74.2
98,Saint Joseph's,75.8,85.0,74,77.7,73.5,75.5
99,Norfolk St,75.8,85.3,81,80.9,73.3,70.6
100,Baylor,75.7,64.3,61,81.1,70.4,79.9
101,Oregon St,75.7,69.7,73,78.4,72.4,68.5
102,Queens,75.7,71.7,75,81.2,72.2,77.3
103,Syracuse,75.6,84.7,84,78.1,72.7,75.4
104,Sacred Heart,75.6,81.7,88,76.4,75.1,72.8
105,Georgia,75.6,78.3,79,82.2,66.5,74.7
106,UC Irvine,75.5,85.0,97,76.5,75.0,76.6
107,Kansas,75.5,71.7,83,81.0,68.8,75.3
108,McNeese,75.5,87.7,95,75.5,75.5,78.0
109,Colorado St,75.5,86.3,83,80.4,70.1,74.0
109,California,75.5,86.7,110,79.2,70.9,74.0
111,Dayton,75.4,76.0,79,75.0,75.9,74.2
112,Utah,75.4,80.7,74,80.6,67.1,78.8
112,Nebraska,75.4,82.3,68,76.9,73.7,77.7
114,Creighton,75.4,75.7,87,79.5,70.4,80.4
115,Delaware St,75.3,79.7,75,80.1,72.6,68.4
116,Boise St,75.2,73.0,73,80.7,70.4,73.6
117,Indiana,75.2,69.3,66,77.9,71.4,72.3
118,Howard,75.0,68.7,69,82.1,70.9,74.5
119,UCLA,74.9,76.3,90,80.4,68.3,65.7
120,Florida St,74.9,66.0,76,76.6,73.1,76.5
121,Montana,74.8,77.7,74,77.0,73.1,75.2
122,UTSA,74.8,79.0,83,74.8,74.7,77.1
123,Marshall,74.7,76.0,74,77.3,72.3,72.9
124,UC Riverside,74.7,80.0,64,78.8,71.5,69.3
124,Texas St,74.7,77.3,61,79.3,71.6,67.5
126,Tennessee,74.5,76.7,75,79.8,68.1,78.8
127,Illinois St,74.5,65.0,63,77.8,71.6,66.2
128,Furman,74.5,86.7,85,73.7,75.1,78.8
129,Middle Tenn,74.5,78.3,78,73.8,75.0,64.4
130,Butler,74.4,74.0,74,76.6,71.6,76.5
131,Dartmouth,74.3,67.7,58,77.6,71.7,60.6
132,Utah Valley,74.3,81.3,71,81.2,70.4,67.7
133,LSU,74.2,61.7,52,77.3,69.9,76.4
134,Arizona St,74.2,76.7,57,73.6,74.6,69.0
134,Houston,74.2,67.7,65,76.5,71.4,73.5
136,Georgia St,74.2,77.0,76,78.6,70.7,74.4
137,UT Rio Grande,74.1,76.7,77,72.8,75.2,68.2
138,Villanova,74.1,70.7,73,77.9,69.6,70.2
139,Illinois Chicago,74.1,59.7,50,76.3,72.5,69.4
140,Saint Mary's,74.1,68.7,74,75.6,72.5,73.0
141,E Carolina,74.1,68.0,53,73.6,74.7,68.6
142,Georgia So,74.1,75.0,71,75.5,73.1,73.3
143,NC Central,74.0,78.0,71,77.3,72.1,71.9
144,Bucknell,74.0,82.3,77,73.1,74.9,65.2
145,Miami,74.0,73.0,72,77.1,70.2,75.8
146,Quinnipiac,73.9,72.0,74,75.8,72.5,76.2
147,UCSB,73.9,87.0,88,78.7,68.7,73.1
148,Texas A&M,73.8,73.0,66,77.8,69.7,76.0
149,Ball St,73.8,61.7,66,77.9,70.2,72.0
150,Gardner-Webb,73.8,68.0,64,75.4,72.9,71.9
151,W Kentucky,73.8,61.3,61,77.6,69.1,78.8
152,Notre Dame,73.7,79.7,112,76.6,70.7,64.0
153,Tulane,73.7,76.0,85,77.7,69.4,81.5
154,Liberty,73.7,85.3,90,72.5,74.6,71.4
155,Georgia Tech,73.7,73.0,43,79.3,64.8,71.0
155,Mercer,73.7,69.7,61,75.9,72.5,70.4
157,Youngstown St,73.6,69.0,56,76.5,71.4,78.4
158,S Florida,73.6,67.3,68,73.9,73.3,75.7
159,Albany,73.4,75.3,69,72.2,74.4,78.0
160,Saint Louis,73.4,85.0,90,78.3,68.1,74.1
161,Wofford,73.4,83.0,92,72.8,73.7,73.1
162,Kennesaw St,73.3,73.3,74,75.7,71.4,81.5
163,E Michigan,73.2,79.0,70,78.2,69.5,65.9
163,Wichita St,73.2,64.0,63,74.5,71.8,72.1
165,Sam Houston,73.2,77.0,76,75.2,72.1,71.3
166,Loyola Chi,73.1,74.3,74,76.1,69.8,71.8
167,UT Arlington,72.9,66.0,68,73.5,72.6,76.4
168,Kent St,72.9,75.0,76,78.1,68.7,73.8
169,N Iowa,72.9,64.3,63,78.6,66.8,72.7
170,Stanford,72.8,58.3,48,77.9,65.8,76.3
171,Northwestern,72.7,66.0,61,74.2,71.0,73.3
171,Oklahoma St,72.7,69.7,78,78.1,67.8,71.0
173,Fordham,72.7,67.0,67,77.4,68.1,70.5
174,C Michigan,72.7,74.3,81,76.6,69.9,65.7
174,Idaho,72.7,73.7,80,73.0,72.4,66.2
176,Princeton,72.6,79.3,95,74.0,71.7,76.3
177,Nicholls,72.6,73.7,74,72.2,72.9,73.2
178,DePaul,72.6,76.0,83,76.5,66.4,64.7
179,SC Upstate,72.6,65.0,63,77.1,69.8,68.5
180,UMass,72.5,71.3,51,74.6,70.5,77.5
181,Valparaiso,72.5,65.3,65,76.5,69.0,66.5
182,Texas A&M-CC,72.5,73.3,63,75.8,69.9,71.7
182,G Washington,72.5,69.7,81,74.1,70.7,76.4
184,Alabama St,72.5,73.0,59,78.6,69.4,66.1
185,Troy,72.5,82.7,94,77.3,68.9,77.0
186,IU Indy,72.4,81.3,85,74.8,70.9,64.5
187,FGCU,72.3,77.0,65,72.0,72.6,69.2
188,J Madison,72.3,79.3,60,71.6,72.8,81.9
189,Nevada,72.3,61.0,61,74.8,69.2,75.5
190,N Arizona,72.3,71.0,65,77.3,69.2,68.6
191,SE Missouri St,72.3,61.3,48,79.0,67.8,64.5
192,S Illinois,72.2,72.0,53,71.4,72.8,72.2
193,Idaho St,72.2,72.3,60,75.7,69.8,69.4
194,Bowling Green,72.1,65.0,63,75.1,69.3,72.7
195,Siena,72.1,71.0,66,77.9,67.4,60.4
196,Davidson,72.0,63.0,61,72.6,71.4,68.6
197,Cal Baptist,72.0,66.3,70,74.9,68.6,67.1
198,Le Moyne,71.9,73.7,67,75.8,69.7,70.0
199,Georgetown,71.8,71.0,77,73.4,69.3,70.8
200,W Michigan,71.8,71.3,64,72.1,71.6,69.5
201,Pepperdine,71.8,71.3,59,73.3,70.6,72.4
202,Portland St,71.8,69.3,70,70.4,72.6,70.5
203,Radford,71.7,74.3,73,79.1,67.7,70.7
204,Portland,71.7,80.0,73,73.9,69.8,69.8
205,CS Bakersfield,71.7,78.7,76,75.9,68.4,67.2
206,Army,71.6,62.3,55,75.5,67.9,59.9
207,E Tennessee St,71.6,66.7,60,75.1,68.4,70.4
208,Montana St,71.5,80.7,80,74.8,69.1,73.9
209,Providence,71.4,69.3,68,73.4,69.3,72.4
210,Washington,71.4,65.3,73,74.4,67.5,80.6
210,Jacksonville,71.4,73.3,63,70.5,72.0,69.6
212,Louisiana Tech,71.4,73.7,76,70.4,72.1,72.1
213,Colgate,71.4,68.3,62,73.3,70.1,70.1
214,Jacksonville St,71.3,69.7,70,70.5,71.9,67.2
215,Kansas St,71.3,58.7,57,73.1,69.6,72.2
215,Jackson St,71.3,76.7,66,82.2,66.8,71.2
217,Elon,71.3,72.0,74,71.1,71.4,70.3
218,SE Louisiana,71.2,65.7,67,77.3,68.2,66.6
219,Brown,71.2,59.3,61,76.0,66.5,70.7
220,UTEP,71.2,73.3,58,72.2,70.4,68.9
221,S Alabama,71.1,74.7,71,72.1,70.1,73.4
222,Oral Roberts,71.1,60.7,56,76.0,68.0,72.1
223,Bellarmine,70.9,69.3,61,74.7,67.9,67.5
224,San Jose St,70.9,73.0,92,72.1,69.9,68.1
225,Southern,70.9,69.7,71,74.0,69.4,67.9
226,Tenn Tech,70.8,70.0,67,71.4,70.4,64.9
227,C Connecticut,70.8,72.3,76,74.1,68.1,70.3
228,Charlotte,70.7,73.3,80,69.4,72.1,68.0
229,Fresno St,70.7,63.7,68,71.5,70.0,67.4
230,Rice,70.7,62.3,59,72.6,68.9,71.1
230,La Salle,70.7,67.7,81,72.6,68.9,71.6
232,Navy,70.7,83.3,83,72.0,69.7,65.6
233,SIU Edward,70.6,71.0,69,72.2,69.6,69.4
234,N Kentucky,70.6,83.3,63,72.2,68.9,73.9
235,Murray St,70.6,65.3,62,67.9,72.0,69.1
236,Presbyterian,70.6,67.0,69,73.9,68.8,72.0
237,Wake Forest,70.5,67.7,69,73.1,67.9,78.1
238,Oakland,70.5,81.3,76,76.0,67.4,76.4
239,San Diego St,70.5,73.0,80,71.1,69.9,73.7
240,Cincinnati,70.5,60.0,67,73.4,66.9,74.7
241,F Dickinson,70.5,66.0,72,72.5,69.3,73.3
242,NC Greensboro,70.4,76.0,57,75.8,67.1,73.3
243,Mt St Mary's,70.4,72.3,62,72.0,69.2,72.7
244,Boston College,70.4,69.0,67,71.6,68.9,74.1
245,Tulsa,70.3,75.7,73,73.9,66.5,74.3
246,Monmouth,70.3,68.0,78,79.3,66.4,72.4
247,Loyola Mymt,70.3,77.3,77,71.6,68.9,71.2
248,Denver,70.3,65.3,62,71.7,69.4,79.5
248,Buffalo,70.3,75.3,70,70.7,70.0,67.3
250,Prairie View,70.3,65.7,68,70.9,70.0,68.8
251,UT Martin,70.2,64.7,77,69.3,70.7,79.5
252,San Diego,70.2,79.0,74,70.5,69.7,72.5
253,Charleston So,70.1,63.0,60,69.3,70.6,64.0
254,Austin Peay,70.1,74.7,64,74.5,67.8,73.5
255,Texas So,70.1,69.0,80,71.5,69.3,69.0
256,Colorado,70.1,69.0,76,73.9,64.8,79.3
257,Northeastern,70.1,68.0,65,70.0,70.2,69.4
258,Southern Miss,69.9,62.7,64,73.2,67.6,69.9
259,Green Bay,69.9,77.3,72,71.6,68.7,68.6
260,Stetson,69.9,71.0,72,71.3,68.9,73.8
261,South Carolina,69.8,67.0,65,73.5,64.8,72.1
262,George Mason,69.8,67.0,64,74.2,64.1,70.6
263,Alabama A&M,69.8,53.3,57,74.5,65.1,69.0
264,Cleveland St,69.8,63.3,54,69.3,70.3,74.7
265,AR-Pine Bluff,69.8,71.7,63,69.3,70.0,75.7
266,Iona,69.7,79.0,90,70.4,69.2,71.3
267,Maine,69.7,71.7,72,73.0,67.8,66.2
268,UNLV,69.6,69.7,67,72.7,65.9,71.9
269,NC State,69.6,67.7,70,72.8,65.2,75.6
270,S Indiana,69.6,71.3,69,71.4,68.1,66.9
271,Drexel,69.6,79.3,76,68.8,70.2,71.9
272,Hampton,69.6,69.0,65,71.6,68.4,68.0
272,E Washington,69.6,59.7,53,73.2,67.2,79.5
274,Penn,69.6,75.0,71,75.0,64.5,72.1
275,Incarnate Word,69.6,66.0,70,73.8,66.6,70.8
276,Towson,69.4,76.3,72,71.8,67.9,66.6
277,Hawai'i,69.3,71.7,73,69.7,68.6,71.8
278,St Bonaventure,69.3,67.0,64,70.7,68.1,73.5
279,Seattle,69.3,64.0,70,72.6,66.8,73.0
280,Bethune,69.2,74.7,76,75.6,66.2,70.7
281,VMI,69.1,67.3,65,69.2,69.1,66.7
282,Virginia Tech,69.0,69.0,47,73.6,63.4,74.9
283,Campbell,68.9,62.3,62,67.9,69.6,69.0
284,St Francis PA,68.8,69.7,71,72.6,66.4,63.3
285,Loyola MD,68.7,72.3,72,69.7,68.0,63.2
286,Drake,68.7,63.3,63,67.7,69.5,79.7
287,Lehigh,68.7,76.7,73,73.5,65.6,71.6
288,Duquesne,68.7,78.3,88,69.5,67.9,69.9
289,Binghamton,68.6,63.7,66,70.8,67.4,69.7
290,Holy Cross,68.6,74.0,68,69.4,68.1,65.8
291,C Arkansas,68.5,67.7,66,71.3,66.7,70.2
291,Little Rock,68.5,68.7,59,69.8,67.7,77.3
293,Utah Tech,68.5,63.3,65,70.0,67.6,70.4
294,Florida Intl,68.4,67.3,56,73.2,64.6,71.3
295,West Virginia,68.4,66.3,72,70.2,66.2,69.8
296,Harvard,68.3,64.0,66,69.0,67.9,70.1
297,Lindenwood,68.3,68.0,55,71.5,66.5,63.4
298,Florida A&M,68.3,72.7,75,75.5,64.1,65.0
299,Lamar,68.3,64.0,65,66.4,69.5,76.2
300,Minnesota,68.2,67.0,67,70.6,64.4,75.0
301,Pacific,68.0,72.0,77,69.0,67.2,64.1
302,NC A&T,67.9,53.0,55,68.3,67.7,65.6
303,New Orleans,67.9,70.3,62,69.2,67.2,70.7
304,Weber St,67.9,66.0,52,68.3,67.6,73.1
305,Lafayette,67.8,67.3,69,69.2,66.6,62.6
306,W Georgia,67.8,67.0,73,68.7,67.2,--
307,Kansas City,67.7,64.3,61,73.1,64.4,70.6
308,Abl Christian,67.7,70.7,82,68.6,67.1,70.7
309,N Texas,67.6,68.0,61,71.1,64.1,68.6
310,TCU,67.6,67.7,56,71.6,62.7,79.0
311,Missouri St,67.5,59.7,54,71.1,64.7,71.2
312,N Illinois,67.4,70.3,83,66.1,68.4,71.4
313,American,67.4,70.0,72,70.5,64.9,67.6
314,Niagara,67.4,74.7,76,71.0,65.0,71.2
315,New Mexico St,67.4,67.0,69,68.1,66.9,65.9
316,Old Dominion,67.4,61.3,59,69.9,65.5,70.9
317,Stonehill,67.3,70.0,56,73.8,63.0,63.2
318,W Carolina,67.1,67.3,66,70.8,64.6,75.1
319,Fairfield,67.0,69.7,83,68.3,66.0,75.1
320,S Utah,66.9,60.0,39,68.3,65.7,73.2
321,Rider,66.7,79.3,77,66.3,67.0,70.8
322,W Illinois,66.6,76.3,82,67.8,65.7,66.0
323,Detroit Mercy,66.3,71.0,75,69.8,64.1,66.0
324,Marist,66.2,52.3,52,67.1,65.4,64.6
325,UL Monroe,66.1,71.7,69,69.2,63.4,67.3
326,Wyoming,66.0,62.7,58,70.1,62.4,71.6
327,Merrimack,66.0,75.3,75,65.2,66.6,67.8
328,Coastal Car,66.0,67.3,63,66.0,65.9,71.8
329,Long Beach St,65.9,64.0,69,68.3,64.3,76.2
330,UC Davis,65.9,62.0,57,66.7,65.3,70.5
331,App State,65.8,57.3,56,71.3,62.0,77.1
332,Mercyhurst,65.8,76.0,90,71.6,62.6,--
333,Richmond,65.7,61.3,60,68.6,62.9,71.9
334,Boston U,65.6,74.3,78,72.9,58.9,65.7
334,Stony Brook,65.6,68.7,76,66.5,65.1,73.0
336,Alcorn St,65.5,65.3,65,69.7,63.7,71.9
337,LIU,65.5,70.0,68,64.6,66.1,66.5
338,NW State,65.4,66.7,66,69.1,62.8,68.6
339,Vermont,65.3,74.0,64,69.1,62.4,69.9
340,Evansville,65.1,55.7,53,71.0,59.5,69.6
341,Virginia,64.9,62.7,70,63.9,66.2,62.9
342,Louisiana,64.9,54.7,49,63.6,66.2,74.8
343,New Hampshire,64.9,59.7,57,67.3,63.5,72.8
344,Canisius,64.8,54.7,62,65.8,64.0,69.1
345,Hou Christian,64.7,54.3,48,68.8,61.5,69.3
346,SF Austin,64.7,63.3,64,66.5,63.1,72.6
347,Hofstra,64.5,69.0,60,68.2,62.5,73.4
348,E Texas A&M,64.4,68.0,63,65.9,63.1,67.3
349,Grambling,64.2,61.7,47,61.4,65.7,65.4
350,Saint Peter's,64.1,65.0,70,62.8,65.1,64.6
351,NJIT,63.9,65.0,75,61.3,65.6,65.7
352,Morehead St,63.7,59.7,65,64.3,63.3,72.3
353,E Illinois,63.5,70.3,73,65.9,62.0,65.3
354,Sacramento St,63.3,62.0,70,63.1,63.6,64.2
355,Maryland ES,63.0,70.7,68,64.0,62.6,62.1
356,The Citadel,63.0,56.7,62,65.6,60.4,68.6
357,Chicago St,62.5,65.3,57,66.8,60.6,65.2
358,CS Fullerton,62.3,58.3,59,65.2,60.1,66.4
359,Air Force,62.0,58.3,47,63.4,60.6,66.2
360,Seton Hall,61.8,57.3,50,61.7,61.9,73.8
361,Coppin St,61.3,73.3,82,65.5,58.9,57.9
362,Tarleton St,60.6,60.3,66,67.2,56.9,72.6
363,Wagner,57.5,50.0,55,60.8,55.5,62.0
364,Miss Valley St,52.4,61.3,62,58.2,49.9,55.5
