Rank,Team,2024,Last 3,Last 1,Home,Away,2023,similarity,team,Avg Points Per Game,Avg Poss Per Game
1,Alabama,78.7,80.8,83.7,78.9,78.4,76.2,53.84615384615385,North Alabama Lions,76.65,71.38
2,Cal Poly,77.7,77.7,71.7,77.2,78.1,68.9,64.0,Cal Poly Mustangs,62.9,68.98
3,South Dakota,77.0,79.3,80.1,77.3,76.7,72.2,75.0,South Dakota Coyotes,76.52,72.29
4,Winthrop,76.8,74.2,73.3,78.7,75.6,71.2,69.56521739130434,Winthrop Eagles,78.03,71.37
5,New Mexico,76.0,75.0,72.2,76.6,75.5,74.2,76.92307692307692,New Mexico Lobos,82.12,71.92
6,UCF,75.7,75.3,72.4,73.3,78.9,71.3,42.85714285714286,UCF Knights,71.48,70.87
7,Alabama A&M,75.4,65.2,64.2,76.2,74.7,73.7,70.96774193548387,Alabama A&M Bulldogs,68.81,73.63
8,Bryant,75.4,74.6,76.3,74.8,75.8,77.5,57.14285714285714,Bryant Bulldogs,79.0,77.62
9,N Florida,75.1,73.6,72.8,74.4,75.6,70.5,69.56521739130434,Florida Gators,85.68,75.63
10,SC Upstate,75.0,76.6,76.3,76.0,74.4,69.9,55.172413793103445,Boise State Broncos,76.13,68.45
11,Akron,75.0,72.7,70.5,73.2,76.6,68.4,66.66666666666667,Akron Zips,74.39,68.23
12,CS Northridge,74.8,75.3,73.3,76.1,74.1,75.4,61.904761904761905,Cal State Northridge Matadors,75.24,75.39
13,W Kentucky,74.8,68.1,70.1,75.3,74.1,77.2,74.07407407407408,Kentucky Wildcats,89.52,76.09
14,Grand Canyon,74.5,75.6,85.4,75.1,73.8,71.8,80.0,Grand Canyon Lopes,79.5,70.96
15,Indiana St,74.5,73.9,73.6,72.7,75.7,73.1,60.60606060606061,Indiana State Sycamores,84.55,72.87
16,Illinois,74.4,70.7,73.0,73.9,75.2,72.3,55.172413793103445,Saint Louis Billikens,75.0,71.15
17,Fresno St,74.4,64.9,74.0,72.6,76.0,68.4,60.0,Fresno State Bulldogs,67.44,68.08
18,Tennessee St,74.4,67.3,62.8,76.1,73.3,71.1,70.58823529411764,Tennessee State Tigers,73.16,71.72
19,Morgan St,74.4,76.1,79.4,73.8,74.8,73.8,66.66666666666667,Morgan State Bears,72.93,73.51
20,Kentucky,74.1,75.6,73.8,74.4,73.7,76.7,64.0,Kentucky Wildcats,89.52,76.09
21,Samford,74.1,74.6,73.0,73.4,74.6,75.7,60.86956521739131,Samford Bulldogs,86.27,75.5
22,AR-Pine Bluff,74.0,65.4,64.3,73.8,74.2,74.7,57.77777777777777,Arkansas-Pine Bluff Golden Lions,77.03,75.4
23,UMass,74.0,71.1,68.2,73.4,74.6,71.5,47.05882352941176,SMU Mustangs,76.87,69.79
24,Mercer,74.0,71.1,70.7,72.2,74.9,69.4,66.66666666666667,Mercer Bears,71.59,68.55
25,Delaware St,74.0,72.8,64.9,75.6,73.0,72.2,68.96551724137932,Delaware Blue Hens,73.69,69.13
26,Cornell,73.8,75.0,79.5,73.1,74.4,73.0,63.63636363636363,Cornell Big Red,82.96,73.02
27,Southern Miss,73.8,70.7,72.4,74.0,73.6,71.0,68.96551724137932,Southern Jaguars,71.52,72.35
28,W Carolina,73.7,70.7,69.5,73.2,74.1,70.1,58.06451612903225,East Carolina Pirates,69.62,67.37
29,Buffalo,73.7,70.0,70.5,74.8,72.8,72.1,70.0,Buffalo Bulls,68.0,71.69
30,Ohio,73.7,72.5,70.5,72.8,74.5,70.9,50.0,Ohio Bobcats,77.78,70.21
31,St John's,73.7,73.4,81.2,74.3,72.8,71.5,62.06896551724138,St. John's Red Storm,78.5,70.77
32,Washington St,73.6,76.7,76.0,74.8,72.7,68.5,77.41935483870968,Washington Huskies,80.81,74.59
33,Dartmouth,73.6,72.1,70.4,72.6,74.4,67.2,64.28571428571428,Dartmouth Big Green,61.31,67.26
34,San Diego,73.6,75.8,76.5,73.2,74.0,73.8,69.23076923076923,San Diego Toreros,70.09,72.58
35,Texas So,73.5,69.2,69.5,72.1,74.4,71.2,60.86956521739131,Texas Longhorns,76.61,69.4
36,Gonzaga,73.5,76.9,79.4,73.5,73.6,70.7,60.86956521739131,Gonzaga Bulldogs,85.68,71.65
37,S Carolina St,73.5,74.8,75.1,72.2,74.2,72.4,70.58823529411764,East Carolina Pirates,69.62,67.37
38,Memphis,73.4,74.3,72.2,73.7,73.1,74.4,66.66666666666667,Memphis Tigers,81.0,74.1
39,Kennesaw St,73.4,72.5,69.3,72.9,73.7,77.5,73.33333333333334,Kennesaw State Owls,82.73,77.78
40,UMBC,73.4,69.2,76.3,71.7,75.0,76.8,42.10526315789473,UMBC Retrievers,78.32,75.66
41,Oklahoma St,73.4,76.0,75.2,73.9,72.8,70.2,74.07407407407408,Oklahoma Sooners,75.55,69.9
42,Georgia So,73.3,71.5,72.6,72.6,73.7,72.9,60.60606060606061,Georgia Southern Eagles,73.12,71.75
43,Quinnipiac,73.3,75.3,79.7,72.1,74.2,72.7,71.42857142857143,Quinnipiac Bobcats,78.34,72.99
44,Michigan,73.3,71.8,72.6,73.7,72.8,71.3,59.25925925925925,Michigan Wolverines,73.45,71.1
45,North Carolina,73.3,70.5,70.7,73.7,72.9,73.3,73.6842105263158,North Carolina Tar Heels,81.64,72.89
46,Rhode Island,73.3,73.9,80.0,73.8,72.7,70.6,82.75862068965517,Rhode Island Rams,72.61,70.34
47,Fordham,73.1,73.5,80.0,74.5,71.7,72.6,73.6842105263158,Fordham Rams,70.72,72.4
48,Temple,73.0,64.5,61.9,73.0,73.0,70.9,70.58823529411764,Temple Owls,70.91,70.3
49,Iowa,73.0,68.2,68.5,72.9,73.1,74.3,50.0,Howard Bison,75.3,72.37
50,Florida Intl,72.9,74.1,72.4,74.6,71.5,73.7,69.23076923076923,Florida Gators,85.68,75.63
51,Prairie View,72.9,68.3,69.5,71.0,73.7,73.6,64.86486486486487,Prairie View A&M Panthers,67.68,74.23
52,Arizona,72.9,72.1,67.3,72.6,73.2,76.3,60.86956521739131,Arizona Wildcats,88.84,76.04
53,Jackson St,72.9,70.2,70.1,73.8,72.5,72.1,66.66666666666667,Jackson State Tigers,71.52,71.9
54,Lindenwood,72.9,72.1,70.4,72.3,73.2,69.7,76.92307692307692,Lindenwood Lions,65.67,70.0
55,Florida Atlantic,72.9,71.2,69.0,70.0,74.8,72.3,86.48648648648648,Florida Atlantic Owls,82.84,71.39
56,N Illinois,72.8,73.9,83.1,70.7,74.4,71.9,64.51612903225806,Saint Louis Billikens,75.0,71.15
57,Arizona St,72.8,71.3,66.7,72.7,72.8,72.5,69.23076923076923,Arizona Wildcats,88.84,76.04
58,Columbia,72.8,76.3,79.5,72.9,72.6,71.2,72.72727272727273,Columbia Lions,77.0,71.23
59,Charleston,72.7,70.4,67.1,74.6,71.2,72.1,71.42857142857143,Charleston Cougars,80.42,71.0
60,UT Rio Grande,72.7,75.5,70.1,71.6,73.5,75.1,61.904761904761905,UT Rio Grande Valley Vaqueros,70.73,75.95
61,NC Asheville,72.6,72.5,71.8,72.7,72.6,71.7,70.58823529411764,UNC Asheville Bulldogs,79.48,72.66
62,Penn St,72.6,72.7,75.1,73.3,71.7,72.5,46.15384615384615,Kennesaw State Owls,82.73,77.78
63,Arkansas St,72.5,72.0,76.0,71.3,73.5,71.9,66.66666666666667,Arkansas Razorbacks,78.12,74.8
64,Florida St,72.4,69.7,71.2,73.1,71.7,73.9,75.0,Florida Gators,85.68,75.63
65,S Florida,72.4,70.0,72.2,73.1,71.9,70.9,78.26086956521739,Florida Gators,85.68,75.63
66,Purdue FW,72.4,73.6,79.1,73.6,71.6,73.7,54.54545454545454,Hofstra Pride,74.69,67.96
67,Howard,72.4,74.1,71.8,73.9,71.5,71.7,66.66666666666667,Howard Bison,75.3,72.37
68,Iowa St,72.3,77.4,71.0,73.0,71.5,69.3,53.84615384615385,Iowa State Cyclones,75.76,69.66
69,Youngstown St,72.3,70.0,60.8,71.8,72.7,72.8,68.42105263157895,Youngstown State Penguins,81.55,72.56
70,Florida,72.3,76.2,73.4,71.4,73.3,75.8,66.66666666666667,Florida Gators,85.68,75.63
71,Arkansas,72.3,74.6,72.9,72.6,71.9,74.9,60.86956521739131,Kansas Jayhawks,76.0,71.31
72,New Orleans,72.3,72.8,69.3,72.6,72.1,74.1,66.66666666666667,New Orleans Privateers,74.06,75.34
73,Maryland,72.3,71.8,71.4,72.8,71.4,68.7,61.53846153846154,Maryland Terrapins,69.44,68.25
74,Rutgers,72.2,73.1,77.4,70.8,73.8,70.7,70.58823529411764,LSU Tigers,76.87,72.35
74,LSU,72.2,69.4,64.7,71.0,74.0,72.8,46.15384615384615,LSU Tigers,76.87,72.35
76,Santa Clara,72.2,76.8,70.4,73.0,71.6,71.4,73.33333333333334,Santa Clara Broncos,77.28,71.57
77,Sacred Heart,72.2,71.9,76.0,72.8,71.8,72.1,72.72727272727273,Sacred Heart Pioneers,74.68,71.85
78,William & Mary,72.1,75.1,80.2,70.6,73.2,67.9,82.35294117647058,William & Mary Tribe,70.28,68.17
79,Vanderbilt,72.1,75.8,69.8,72.7,71.5,69.6,64.51612903225806,Vanderbilt Commodores,67.35,68.67
80,Miami OH,72.1,73.0,74.7,72.8,71.5,69.5,52.17391304347826,Omaha Mavericks,74.31,69.71
81,Syracuse,72.1,71.5,68.3,73.9,69.9,73.3,69.56521739130434,Syracuse Orange,76.68,73.2
82,UAB,72.0,71.4,67.3,72.5,71.4,71.7,42.85714285714286,UAB Blazers,77.61,71.1
83,Bucknell,72.0,71.1,70.4,69.8,74.1,66.4,72.72727272727273,Bucknell Bison,65.25,65.71
84,UTSA,72.0,70.7,67.2,70.7,72.9,74.5,46.15384615384615,Utah Utes,78.69,72.53
85,Georgia Tech,72.0,69.8,68.2,72.2,71.5,70.9,61.53846153846154,Georgia Tech Yellow Jackets,70.71,70.67
86,Belmont,71.9,70.1,60.4,74.5,69.7,73.3,66.66666666666667,Belmont Bruins,78.38,73.25
87,Ohio St,71.9,74.3,65.4,73.2,70.4,69.6,53.84615384615385,Ohio State Buckeyes,74.94,68.32
88,Gardner-Webb,71.9,70.5,69.2,69.6,73.2,72.2,58.53658536585367,Gardner-Webb Runnin' Bulldogs,73.56,71.62
89,Delaware,71.9,72.7,70.4,73.4,70.9,69.5,61.53846153846154,Delaware Blue Hens,73.69,69.13
90,UC Irvine,71.9,68.1,74.8,71.0,72.4,71.8,64.28571428571428,UC Irvine Anteaters,77.66,71.35
91,Charleston So,71.9,67.3,67.9,71.1,72.3,69.1,77.41935483870968,Charleston Cougars,80.42,71.0
92,Abl Christian,71.9,77.5,85.4,74.2,70.1,72.8,66.66666666666667,Abilene Christian Wildcats,73.0,73.69
93,Mississippi St,71.9,73.5,72.9,72.0,71.8,70.6,70.0,Mississippi State Bulldogs,75.03,70.52
94,Southern,71.8,65.9,64.2,71.1,72.2,71.2,66.66666666666667,Southern Jaguars,71.52,72.35
95,S Utah,71.8,74.5,71.1,71.9,71.8,72.9,53.333333333333336,Utah Utes,78.69,72.53
96,Queens,71.8,67.1,68.7,74.3,70.2,75.2,42.10526315789473,Regent Royals,29.0,71.98
97,Portland,71.8,72.5,72.2,72.6,71.2,70.1,69.56521739130434,Portland Pilots,69.97,70.56
98,La Salle,71.8,67.4,71.1,70.5,72.9,70.3,61.53846153846154,La Salle Explorers,72.66,69.55
99,Mississippi,71.8,71.0,73.4,72.2,71.4,70.8,59.45945945945945,Mississippi State Bulldogs,75.03,70.52
100,Middle Tenn,71.8,76.5,72.4,70.7,72.6,69.6,55.00000000000001,Middle Tennessee Blue Raiders,66.03,68.89
101,Illinois Chicago,71.7,69.1,67.7,74.5,69.8,71.8,60.0,Illinois Fighting Illini,84.15,72.45
102,NC Central,71.7,73.7,75.1,71.9,71.6,69.4,52.17391304347826,Regent Royals,29.0,71.98
103,Bowling Green,71.7,66.5,63.4,72.6,70.9,71.6,76.47058823529412,Bowling Green Falcons,73.97,71.54
104,North Dakota,71.7,75.9,70.7,72.1,71.4,69.9,66.66666666666667,North Dakota State Bison,75.16,69.56
105,Longwood,71.7,74.8,77.6,71.8,71.6,68.6,66.66666666666667,Longwood Lancers,75.27,71.13
106,SMU,71.6,66.8,71.2,72.7,70.3,70.7,40.0,SMU Mustangs,76.87,69.79
107,Georgia St,71.6,72.4,75.1,70.9,72.2,72.4,62.5,Georgia State Panthers,76.53,72.18
108,California,71.6,81.9,98.9,70.8,72.6,73.1,60.60606060606061,California Golden Bears,73.9,72.29
109,Robert Morris,71.6,67.6,73.2,72.1,71.0,71.0,72.22222222222221,Robert Morris Colonials,73.0,70.86
110,Le Moyne,71.5,68.7,67.8,73.7,70.2,70.0,64.0,Le Moyne Dolphins,73.13,70.71
111,Nebraska,71.5,73.0,68.5,71.6,71.3,71.6,57.14285714285714,Nebraska Cornhuskers,77.28,71.29
112,Xavier,71.5,69.2,69.1,71.7,71.2,73.5,52.17391304347826,Xavier Musketeers,76.34,72.97
113,Alabama St,71.4,66.6,63.5,71.8,71.3,72.5,68.96551724137932,North Alabama Lions,76.65,71.38
114,S Dakota St,71.4,72.4,74.5,73.4,70.2,69.8,58.06451612903225,South Dakota Coyotes,76.52,72.29
115,Missouri,71.4,73.7,73.8,71.8,70.7,70.4,69.56521739130434,Missouri Tigers,72.58,70.23
116,Marshall,71.4,69.8,70.0,70.7,72.0,74.1,52.17391304347826,Omaha Mavericks,74.31,69.71
117,Milwaukee,71.4,70.2,67.0,70.0,72.6,73.6,66.66666666666667,Milwaukee Panthers,79.59,73.31
118,Auburn,71.4,74.5,83.7,72.8,70.0,72.5,63.1578947368421,Auburn Tigers,83.24,72.68
119,Iona,71.4,71.0,76.0,71.2,71.5,69.5,57.14285714285714,Iona Gaels,71.59,69.09
120,F Dickinson,71.3,71.5,76.4,69.7,72.3,75.2,57.89473684210527,Fairleigh Dickinson Knights,76.42,75.61
121,Wichita St,71.3,65.5,67.9,71.3,71.3,71.8,62.5,Wichita State Shockers,73.18,71.44
122,C Arkansas,71.3,69.1,68.0,73.7,69.8,72.1,68.96551724137932,Arkansas Razorbacks,78.12,74.8
123,Utah Valley,71.3,75.1,73.5,70.8,71.5,71.2,66.66666666666667,Utah Valley Wolverines,68.9,71.17
124,Oklahoma,71.3,71.0,69.6,71.1,71.4,70.1,66.66666666666667,Oklahoma Sooners,75.55,69.9
125,Bethune,71.2,70.4,70.5,71.7,71.0,73.1,50.0,Utah Utes,78.69,72.53
126,Chicago St,71.2,67.7,62.0,70.2,71.6,68.3,64.51612903225806,Chicago State Cougars,68.28,69.24
127,Utah,71.2,73.5,77.2,71.3,71.1,73.3,61.53846153846154,Utah Utes,78.69,72.53
128,Stetson,71.2,70.1,70.4,70.9,71.4,68.3,63.63636363636363,Stetson Hatters,77.0,68.57
129,St Thomas,71.2,70.6,74.6,70.4,71.6,65.0,55.172413793103445,Thomas (ME) Terriers,48.0,70.14
130,UC Riverside,71.1,71.4,67.1,71.5,70.8,69.4,66.66666666666667,UC Riverside Highlanders,70.82,68.92
131,Indiana,71.1,67.6,65.4,71.3,70.9,71.0,60.86956521739131,Indiana Hoosiers,72.5,70.63
132,Kansas,71.1,67.1,67.3,69.7,72.8,71.4,57.14285714285714,Kansas Jayhawks,76.0,71.31
133,UMass Lowell,71.1,65.7,63.9,71.0,71.2,74.1,66.66666666666667,UMass Lowell River Hawks,80.65,74.93
134,N Colorado,71.1,70.1,69.5,70.5,71.5,73.2,62.06896551724138,Colorado State Rams,76.82,68.5
135,BYU,71.1,76.5,77.2,71.1,71.0,71.9,42.85714285714286,BYU Cougars,82.31,70.94
136,Michigan St,71.0,74.0,72.6,71.6,70.4,68.3,66.66666666666667,Michigan Wolverines,73.45,71.1
137,Oregon,71.0,69.7,71.8,70.9,71.1,70.6,66.66666666666667,Oregon Ducks,75.33,70.39
138,Yale,71.0,68.2,67.0,70.4,71.4,68.3,47.05882352941176,Yale Bulldogs,75.6,68.05
139,Pepperdine,71.0,67.4,65.3,70.7,71.2,69.9,76.92307692307692,Pepperdine Waves,73.47,67.35
140,UTEP,71.0,77.7,72.7,70.6,71.3,72.2,53.333333333333336,UTEP Miners,72.7,72.76
141,San Francisco,70.9,75.1,79.4,71.0,70.9,69.6,83.87096774193549,San Francisco Dons,77.94,69.59
142,W Michigan,70.9,67.4,63.4,72.5,69.6,70.9,68.96551724137932,Michigan Wolverines,73.45,71.1
143,UT Arlington,70.9,69.6,65.6,70.5,71.1,73.9,70.58823529411764,UT Arlington Mavericks,76.97,73.12
144,Toledo,70.9,71.1,70.5,69.2,72.0,72.4,60.0,Toledo Rockets,80.68,71.95
144,Tenn Tech,70.9,70.6,65.4,71.1,70.7,68.9,55.55555555555556,Utah Utes,78.69,72.53
146,Louisville,70.9,69.4,65.5,71.2,70.5,72.0,66.66666666666667,Louisville Cardinals,71.58,72.04
147,Sam Houston,70.9,69.1,64.1,69.9,71.4,71.1,70.96774193548387,Sam Houston Bearkats,72.44,71.55
148,NC A&T,70.9,63.9,66.5,70.0,71.5,69.8,44.44444444444444,Siena Saints,60.29,68.28
149,Nicholls,70.8,71.7,76.1,69.2,72.0,72.0,64.0,Nicholls Colonels,73.82,71.55
150,Wisconsin,70.8,72.9,75.1,71.5,69.9,68.0,69.23076923076923,Wisconsin Badgers,74.71,67.41
151,Denver,70.8,68.5,66.5,68.8,72.0,73.7,57.14285714285714,Denver Pioneers,81.42,73.99
152,Army,70.8,73.7,71.5,70.1,71.4,65.3,37.5,Fordham Rams,70.72,72.4
153,Omaha,70.7,73.5,74.6,70.0,71.1,69.1,50.0,Omaha Mavericks,74.31,69.71
154,C Michigan,70.7,72.5,83.1,71.6,70.1,69.3,58.82352941176471,Western Michigan Broncos,71.81,70.29
155,E Kentucky,70.7,65.5,61.2,70.3,70.9,72.4,59.25925925925925,Kentucky Wildcats,89.52,76.09
156,Colorado,70.6,70.7,71.0,71.4,69.6,71.3,61.53846153846154,Colorado Buffaloes,79.64,71.26
157,Green Bay,70.6,72.9,74.3,71.1,70.3,66.9,69.23076923076923,Green Bay Phoenix,68.55,65.73
158,Coppin St,70.6,71.8,79.4,71.8,70.0,69.8,64.28571428571428,Coppin State Eagles,58.11,66.88
159,Albany,70.6,66.2,66.7,69.5,71.5,75.9,48.0,UAlbany Great Danes,78.87,76.4
160,USC,70.6,69.4,69.4,70.3,71.1,72.7,42.85714285714286,UCLA Bruins,65.97,66.19
161,S Indiana,70.6,69.4,68.6,70.8,70.5,71.5,59.25925925925925,SE Louisiana Lions,69.13,68.71
162,Tulsa,70.6,68.0,67.9,69.9,71.3,73.8,44.44444444444444,Yale Bulldogs,75.6,68.05
163,SE Missouri St,70.5,71.4,69.7,71.6,69.8,71.3,75.86206896551724,Missouri Tigers,72.58,70.23
164,Detroit Mercy,70.5,72.3,74.9,69.6,71.1,69.9,78.78787878787878,Detroit Mercy Titans,65.55,69.7
165,Texas,70.5,73.2,69.6,69.8,71.5,70.3,50.0,Texas Longhorns,76.61,69.4
166,Portland St,70.5,74.2,74.3,68.9,71.5,71.5,66.66666666666667,Portland State Vikings,71.65,70.91
167,Utah Tech,70.5,67.3,68.0,69.9,70.9,74.1,58.06451612903225,Utah Tech Trailblazers,70.77,73.89
168,Georgia,70.5,67.5,69.8,70.7,70.1,72.8,60.86956521739131,Georgia Bulldogs,74.62,71.48
169,W Georgia,70.5,69.0,68.0,69.2,71.2,--,56.00000000000001,Georgia Bulldogs,74.62,71.48
170,New Hampshire,70.4,71.2,64.2,69.8,70.8,74.6,74.28571428571429,New Hampshire Wildcats,74.63,74.64
171,Mt St Mary's,70.4,69.8,63.3,69.8,70.9,71.6,60.0,Saint Mary's Gaels,74.41,64.65
172,Manhattan,70.4,68.7,75.0,70.6,70.2,71.3,69.23076923076923,Manhattan Jaspers,66.48,71.53
173,Valparaiso,70.4,65.1,64.2,71.1,69.7,70.2,71.42857142857143,Valparaiso Beacons,67.81,69.82
174,CS Fullerton,70.4,73.4,67.1,70.1,70.6,68.7,57.89473684210527,Cal State Fullerton Titans,67.77,69.22
175,Saint Joseph's,70.4,71.1,71.1,71.6,68.9,70.7,82.35294117647058,Saint Joseph's Hawks,76.03,69.97
176,Wright St,70.4,67.8,68.4,69.8,70.8,74.7,62.06896551724138,Wright State Raiders,86.13,74.23
177,Jacksonville,70.3,66.5,66.2,68.6,71.5,69.4,72.72727272727273,Jacksonville Dolphins,71.38,70.26
178,Washington,70.3,70.3,71.8,71.2,69.1,75.2,71.42857142857143,Washington Huskies,80.81,74.59
179,Boston College,70.3,70.0,68.1,69.6,71.2,69.4,80.0,Boston College Eagles,75.0,69.52
180,Texas St,70.3,72.5,71.3,70.3,70.3,70.5,60.86956521739131,Texas Longhorns,76.61,69.4
181,Loyola Chi,70.3,69.2,68.2,70.3,70.2,71.4,60.60606060606061,Loyola Chicago Ramblers,73.42,70.79
182,UT Martin,70.2,61.4,62.3,68.1,71.3,75.5,66.66666666666667,UT Martin Skyhawks,81.65,76.48
183,Brown,70.2,69.2,67.0,71.5,69.0,70.3,62.5,Brown Bears,71.7,70.3
184,S Illinois,70.2,69.7,59.0,68.9,71.3,67.7,64.51612903225806,Saint Louis Billikens,75.0,71.15
185,E Michigan,70.2,69.9,67.0,71.5,69.2,68.7,60.60606060606061,Eastern Michigan Eagles,66.17,67.87
186,SF Austin,70.2,72.0,72.6,71.6,69.0,73.9,57.14285714285714,SMU Mustangs,76.87,69.79
187,Florida A&M,70.2,67.0,70.5,69.1,70.8,71.5,70.96774193548387,Florida A&M Rattlers,67.25,72.4
188,Oral Roberts,70.2,66.6,62.7,69.7,70.5,70.3,63.1578947368421,Oral Roberts Golden Eagles,73.73,70.46
189,E Carolina,70.1,69.6,69.0,70.4,69.8,67.7,64.51612903225806,East Carolina Pirates,69.62,67.37
190,Ball St,70.1,68.8,74.7,71.5,69.0,70.0,52.63157894736843,Baylor Bears,81.12,69.54
191,DePaul,70.1,67.3,69.3,71.3,68.1,70.0,50.0,DePaul Blue Demons,64.97,69.76
192,Marquette,70.1,71.1,81.2,71.8,68.0,71.0,56.25,Marquette Golden Eagles,78.94,70.64
193,Little Rock,70.1,68.7,72.4,70.5,69.8,72.1,73.33333333333334,Little Rock Trojans,78.06,71.55
194,Siena,70.0,71.2,75.0,72.2,68.3,68.8,58.82352941176471,Siena Saints,60.29,68.28
195,UC Davis,70.0,67.9,63.6,69.6,70.4,70.2,69.56521739130434,UC Davis Aggies,71.28,69.55
196,UL Monroe,70.0,68.3,69.6,70.3,69.8,70.2,66.66666666666667,UL Monroe Warhawks,69.83,71.0
197,G Washington,69.9,67.9,70.1,68.4,71.7,74.2,73.33333333333334,Washington Huskies,80.81,74.59
198,Pacific,69.9,74.5,76.8,69.2,70.5,70.5,66.66666666666667,Pacific Tigers,65.42,70.9
199,Cal Baptist,69.9,64.0,65.6,70.0,69.8,67.3,60.60606060606061,Trinity Baptist Eagles,57.0,81.94
200,Kansas St,69.8,68.8,71.0,70.9,68.8,71.9,64.0,Kansas City Roos,72.26,69.79
201,E Texas A&M,69.8,68.7,67.1,69.2,70.3,72.1,81.4814814814815,Texas A&M Aggies,74.33,68.66
202,Saint Louis,69.8,69.5,75.0,70.2,69.4,71.0,68.75,Saint Louis Billikens,75.0,71.15
203,Tulane,69.8,68.1,67.3,70.6,68.9,76.2,52.17391304347826,Tulane Green Wave,82.3,76.26
204,VMI,69.8,65.1,61.5,70.8,69.3,76.3,42.85714285714286,VMI Keydets,68.97,75.98
205,Penn,69.7,73.6,69.5,70.5,69.0,69.1,42.10526315789473,Navy Midshipmen,66.63,67.39
206,Texas A&M,69.7,67.5,64.7,69.1,70.4,70.0,72.0,Texas A&M Aggies,74.33,68.66
207,Georgetown,69.7,67.2,69.3,69.6,70.0,69.6,76.92307692307692,Georgetown Hoyas,71.32,69.12
208,Loyola Mymt,69.7,72.0,77.3,68.7,70.8,67.1,66.66666666666667,Loyola Marymount Lions,72.47,67.68
209,Monmouth,69.7,66.1,71.5,69.4,69.9,69.5,72.72727272727273,Monmouth Hawks,72.84,69.16
210,SIU Edward,69.7,68.0,69.7,69.5,69.9,69.3,58.82352941176471,SIU Edwardsville Cougars,71.78,68.85
211,Norfolk St,69.7,72.1,71.8,71.7,68.7,69.0,62.5,Norfolk State Spartans,74.31,70.15
212,Chattanooga,69.7,70.6,70.3,67.8,71.2,70.5,81.4814814814815,Chattanooga Mocs,78.03,69.97
213,Princeton,69.6,71.0,69.5,69.3,69.8,66.6,72.0,Princeton Tigers,76.93,66.21
214,Miami,69.6,71.5,71.3,69.5,69.7,71.9,50.0,Mobile Rams,83.0,75.31
215,Austin Peay,69.5,70.5,70.7,68.3,70.2,68.4,68.75,Austin Peay Governors,74.45,67.95
216,Wake Forest,69.5,70.2,68.2,70.1,68.9,70.9,61.111111111111114,Wake Forest Demon Deacons,78.47,69.98
217,CS Bakersfield,69.5,74.3,64.9,68.0,70.7,68.2,62.06896551724138,Fairfield Stags,76.18,70.36
218,Kent St,69.5,70.0,67.0,69.2,69.7,70.6,50.0,Kentucky Wildcats,89.52,76.09
219,Creighton,69.5,65.2,64.1,69.1,70.0,70.5,66.66666666666667,Creighton Bluejays,80.77,69.75
220,Montana,69.5,73.3,72.9,69.3,69.6,68.2,58.33333333333333,Montana Grizzlies,77.42,68.34
221,E Illinois,69.5,68.5,72.2,69.1,69.7,69.1,57.14285714285714,Eastern Illinois Panthers,69.26,67.53
222,Utah St,69.5,62.8,58.9,70.7,68.1,71.9,58.33333333333333,Utah State Aggies,80.09,71.45
223,San Jose St,69.4,72.0,74.0,69.7,69.1,67.9,58.82352941176471,San José State Spartans,69.87,68.03
224,N Kentucky,69.3,70.8,67.6,67.6,71.1,72.1,66.66666666666667,Kentucky Wildcats,89.52,76.09
225,St Francis PA,69.3,67.9,65.2,67.8,70.2,68.2,58.06451612903225,San Francisco Dons,77.94,69.59
226,E Washington,69.3,65.8,64.0,69.3,69.2,72.2,80.0,Washington Huskies,80.81,74.59
227,N Alabama,69.3,68.6,68.8,70.3,68.4,71.4,64.28571428571428,North Alabama Lions,76.65,71.38
228,Texas Tech,69.2,67.7,66.7,70.2,67.8,68.8,63.1578947368421,Utah Utes,78.69,72.53
229,Pittsburgh,69.2,68.9,68.1,69.3,69.0,68.4,68.96551724137932,Pittsburgh Panthers,75.94,68.08
230,SE Louisiana,69.2,67.3,69.3,69.1,69.2,68.5,80.0,SE Louisiana Lions,69.13,68.71
231,Northeastern,69.1,68.9,67.0,68.6,69.5,67.5,75.0,Northeastern Huskies,69.55,66.9
232,Texas A&M-CC,69.1,65.0,62.5,67.6,70.2,72.0,64.28571428571428,Texas A&M Aggies,74.33,68.66
233,High Point,69.0,67.3,73.3,69.7,68.4,70.5,68.96551724137932,High Point Panthers,84.38,71.74
234,Butler,69.0,67.1,64.1,68.6,69.5,72.6,57.14285714285714,Butler Bulldogs,77.42,71.36
235,South Carolina,69.0,67.0,66.7,68.9,69.2,67.2,73.6842105263158,South Carolina Gamecocks,72.56,65.89
236,Maryland ES,69.0,65.3,64.9,67.8,69.6,70.4,62.06896551724138,Saint Mary's Gaels,74.41,64.65
237,UCSD,69.0,67.4,63.6,69.2,68.9,68.9,40.0,BYU Cougars,82.31,70.94
238,Northwestern,69.0,66.0,71.4,68.7,69.4,67.3,72.72727272727273,Northwestern Wildcats,74.1,66.84
239,Notre Dame,69.0,78.0,98.9,70.4,67.5,66.9,57.14285714285714,Notre Dame Fighting Irish,64.19,66.59
240,Tarleton St,69.0,68.7,73.5,70.4,68.2,69.6,68.75,Tarleton State Texans,73.19,69.76
241,TCU,68.9,70.0,71.0,67.9,70.2,73.4,36.36363636363637,VCU Rams,72.12,67.96
242,Seattle,68.9,69.7,68.0,67.9,69.7,71.1,56.00000000000001,Seattle U Redhawks,73.62,71.46
243,Harvard,68.9,67.5,70.4,67.6,69.9,70.2,63.63636363636363,Harvard Crimson,70.42,69.39
244,Bellarmine,68.9,66.9,64.3,68.5,69.2,68.6,71.42857142857143,Bellarmine Knights,68.87,67.88
245,Providence,68.9,66.3,69.1,67.7,70.2,70.9,74.07407407407408,Providence Friars,73.0,70.59
246,Binghamton,68.9,67.7,66.7,67.8,69.4,70.5,68.96551724137932,Binghamton Bearcats,72.38,70.58
247,N Dakota St,68.9,73.1,75.4,70.9,67.4,69.0,62.857142857142854,North Dakota State Bison,75.16,69.56
248,Furman,68.8,70.3,67.6,69.2,68.6,73.2,57.14285714285714,Furman Paladins,79.56,73.34
249,NJIT,68.8,68.5,71.1,69.1,68.7,69.8,40.0,NJIT Highlanders,67.41,69.42
250,Lehigh,68.8,70.3,67.2,69.8,68.2,72.5,44.44444444444444,Lehigh Mountain Hawks,73.26,72.93
251,Hawai'i,68.8,69.7,73.3,67.9,70.2,69.9,45.16129032258065,Hawai'i Rainbow Warriors,72.52,69.63
252,San Diego St,68.7,67.4,66.2,68.7,68.8,69.6,75.86206896551724,San Diego Toreros,70.09,72.58
253,Lipscomb,68.7,68.5,68.8,68.1,69.4,71.7,69.56521739130434,Lipscomb Bisons,82.29,71.94
254,Stanford,68.7,64.2,65.5,68.8,68.7,73.6,64.0,Stanford Cardinal,76.81,73.08
255,N Arizona,68.7,67.6,72.9,68.8,68.7,71.1,64.0,Arizona Wildcats,88.84,76.04
256,Old Dominion,68.7,67.0,69.9,68.2,69.1,73.3,72.72727272727273,Old Dominion Monarchs,70.48,72.76
257,Troy,68.7,71.8,76.0,68.4,68.9,73.7,50.0,Troy Trojans,79.94,73.93
258,Idaho,68.7,71.2,74.3,69.5,68.1,67.3,55.55555555555556,Idaho Vandals,67.94,67.25
259,NC Wilmington,68.7,68.2,67.1,67.4,69.9,68.2,72.22222222222221,UNC Wilmington Seahawks,80.17,69.11
260,Baylor,68.6,66.4,61.1,69.7,67.6,69.7,66.66666666666667,Baylor Bears,81.12,69.54
261,Colorado St,68.6,65.0,63.7,69.0,68.2,67.9,73.33333333333334,Colorado State Rams,76.82,68.5
262,Long Beach St,68.6,65.9,71.7,70.1,67.7,74.6,74.28571428571429,Long Beach State Beach,77.85,74.85
263,Louisiana,68.6,62.9,62.4,68.8,68.4,72.2,66.66666666666667,SE Louisiana Lions,69.13,68.71
264,Navy,68.6,69.3,70.4,69.6,67.9,68.0,42.10526315789473,Navy Midshipmen,66.63,67.39
265,VCU,68.6,65.1,64.7,67.5,69.6,68.0,54.54545454545454,VCU Rams,72.12,67.96
266,Rice,68.5,69.9,66.7,68.7,68.4,70.0,61.53846153846154,Rice Owls,71.71,69.6
267,Murray St,68.5,66.8,63.6,64.3,70.7,66.8,64.28571428571428,Murray State Racers,70.87,66.88
268,Evansville,68.5,65.3,63.3,68.5,68.5,71.0,62.5,Evansville Purple Aces,71.94,71.07
269,Colgate,68.4,67.7,65.3,68.9,68.0,67.3,63.63636363636363,Colgate Raiders,71.42,67.54
270,Idaho St,68.4,66.9,68.3,67.6,68.9,67.0,66.66666666666667,Idaho Vandals,67.94,67.25
271,Bradley,68.4,61.1,55.6,69.2,67.6,68.9,66.66666666666667,Bradley Braves,74.81,69.12
272,Liberty,68.4,72.4,70.1,68.6,68.2,67.5,66.66666666666667,Liberty Flames,74.35,67.34
273,Dayton,68.4,70.5,64.7,67.9,69.0,66.5,63.1578947368421,Dayton Flyers,72.9,65.86
274,Cleveland St,68.3,64.8,60.8,67.4,69.3,70.6,68.57142857142857,Cleveland State Vikings,76.39,70.21
275,Montana St,68.3,66.0,68.3,68.6,68.1,71.3,64.51612903225806,Montana State Bobcats,74.82,71.59
276,Lamar,68.3,65.4,63.7,67.1,69.1,72.4,50.0,Lamar Cardinals,78.47,72.99
277,Loyola MD,68.3,69.7,71.2,68.4,68.2,68.1,51.61290322580645,Loyola Marymount Lions,72.47,67.68
278,Duke,68.3,72.1,70.7,67.8,68.9,68.6,50.0,Oregon Ducks,75.33,70.39
279,Charlotte,68.3,67.0,67.2,67.1,69.4,65.0,75.0,Charlotte 49ers,69.23,64.71
280,UCSB,68.2,76.7,74.8,69.9,66.5,70.6,40.0,BYU Cougars,82.31,70.94
281,Louisiana Tech,68.2,65.9,72.7,68.3,68.1,69.5,75.67567567567568,Louisiana Tech Bulldogs,75.0,69.29
282,George Mason,68.2,65.8,61.8,68.7,67.5,66.5,72.72727272727273,George Mason Patriots,71.48,66.19
283,Fairfield,68.0,72.3,79.7,67.8,68.2,70.2,75.0,Fairfield Stags,76.18,70.36
284,Virginia Tech,68.0,71.1,63.5,68.8,67.0,69.3,78.78787878787878,Virginia Tech Hokies,74.97,68.48
285,Maine,68.0,66.7,63.9,66.7,68.7,69.2,50.0,UTEP Miners,72.7,72.76
286,Alcorn St,67.9,64.2,64.3,66.4,68.6,70.0,64.28571428571428,Alcorn State Braves,72.16,69.36
287,Missouri St,67.9,64.3,63.9,69.0,67.1,70.8,76.92307692307692,Missouri Tigers,72.58,70.23
288,LIU,67.9,66.4,65.2,66.4,69.1,73.3,35.29411764705882,Vanguard Lions,55.0,79.82
289,Lafayette,67.9,66.4,66.5,67.5,68.4,67.9,66.66666666666667,Lafayette Leopards,62.87,67.09
290,Purdue,67.9,66.9,73.0,68.7,67.1,70.1,48.0,Purdue Boilermakers,83.66,71.03
291,Jacksonville St,67.9,71.3,69.3,67.9,67.9,68.1,69.76744186046511,Jacksonville State Gamecocks,70.1,68.65
292,Hampton,67.9,66.0,67.6,67.2,68.2,71.7,63.63636363636363,Hampton Pirates,70.27,71.98
293,Presbyterian,67.8,66.6,67.0,67.8,67.8,70.6,70.58823529411764,Presbyterian Blue Hose,75.16,70.77
294,Clemson,67.8,65.2,63.5,69.2,66.2,69.7,66.66666666666667,Clemson Tigers,78.13,69.42
295,UConn,67.8,64.3,66.8,68.1,67.5,67.9,55.55555555555556,UConn Huskies,81.73,67.16
296,West Virginia,67.8,69.6,72.4,66.8,69.1,70.5,66.66666666666667,West Virginia Mountaineers,69.32,70.63
297,The Citadel,67.8,67.5,70.0,68.1,67.5,68.1,70.96774193548387,The Citadel Bulldogs,70.45,68.21
298,UCLA,67.8,64.9,69.4,67.9,67.7,66.2,53.333333333333336,UCLA Bruins,65.97,66.19
299,Miss Valley St,67.8,66.0,70.1,67.3,68.0,67.8,54.90196078431373,Mississippi Valley State Delta Devils,55.07,67.65
300,C Connecticut,67.8,67.2,76.4,68.2,67.4,69.3,59.09090909090908,Central Connecticut Blue Devils,72.7,69.8
301,Tennessee,67.7,70.1,66.7,69.1,66.1,71.6,62.06896551724138,Tennessee Volunteers,80.23,71.84
302,Grambling,67.7,64.5,63.5,64.4,69.6,68.2,72.0,Grambling Tigers,67.36,68.98
303,Weber St,67.7,67.5,69.5,67.1,68.1,67.5,57.14285714285714,Weber State Wildcats,75.23,68.49
304,Oakland,67.7,71.5,73.2,68.7,67.1,70.4,45.45454545454546,Portland Pilots,69.97,70.56
305,Campbell,67.7,68.8,67.5,67.7,67.6,68.7,50.0,Campbell Fighting Camels,71.13,69.0
306,Boise St,67.6,64.8,63.7,68.1,67.2,68.3,59.25925925925925,Boise State Broncos,76.13,68.45
307,Holy Cross,67.6,70.8,67.0,67.8,67.5,66.9,66.66666666666667,Holy Cross Crusaders,66.56,66.78
308,UNLV,67.6,68.0,72.2,67.0,68.4,67.8,53.333333333333336,UNLV Rebels,70.94,67.74
309,IU Indy,67.6,65.4,65.4,67.9,67.4,70.2,44.44444444444444,UCLA Bruins,65.97,66.19
310,Davidson,67.6,67.9,66.4,66.3,69.1,68.1,64.0,Davidson Wildcats,70.29,67.77
311,J Madison,67.6,71.7,69.5,67.2,67.9,73.6,64.28571428571428,James Madison Dukes,84.15,74.1
312,New Mexico St,67.6,63.3,64.1,67.3,67.8,70.0,72.22222222222221,New Mexico State Aggies,67.65,70.75
313,Canisius,67.6,68.0,70.1,65.8,68.9,69.9,52.63157894736843,USC Trojans,74.91,71.96
314,Duquesne,67.5,70.0,75.0,68.0,67.1,68.4,72.72727272727273,Duquesne Dukes,71.18,68.39
315,McNeese,67.5,73.7,72.6,66.7,68.1,68.1,63.63636363636363,McNeese Cowboys,80.06,68.76
316,Illinois St,67.4,70.2,76.4,67.7,67.2,66.6,68.75,Saint Louis Billikens,75.0,71.15
317,Cincinnati,67.4,68.1,75.2,67.4,67.4,70.9,68.96551724137932,Cincinnati Bearcats,75.18,70.07
318,NC State,67.4,69.7,71.3,68.0,66.5,70.8,64.0,NC State Wolfpack,76.14,70.61
319,FGCU,67.3,69.7,65.2,67.8,66.8,67.1,40.0,TCU Horned Frogs,80.31,73.11
320,Elon,67.3,64.7,61.7,67.8,67.0,69.0,57.14285714285714,Iona Gaels,71.59,69.09
321,W Illinois,67.3,72.4,72.0,67.8,66.9,68.4,58.06451612903225,Saint Louis Billikens,75.0,71.15
322,Kansas City,67.2,64.9,65.8,66.5,67.7,70.0,81.4814814814815,Kansas City Roos,72.26,69.79
323,Wyoming,67.2,63.9,59.5,68.5,66.0,69.9,63.63636363636363,Wyoming Cowboys,72.84,69.58
324,E Tennessee St,67.2,64.3,61.4,67.6,66.8,70.2,66.66666666666667,Tennessee State Tigers,73.16,71.72
325,Minnesota,67.1,69.2,77.4,67.3,66.8,70.1,60.0,UTEP Miners,72.7,72.76
326,Seton Hall,67.1,67.0,66.8,66.8,67.4,70.0,71.42857142857143,Seton Hall Pirates,72.81,69.15
327,S Alabama,67.0,66.1,69.9,67.2,66.9,72.4,64.28571428571428,North Alabama Lions,76.65,71.38
328,Hofstra,67.0,65.1,64.8,67.5,66.7,68.5,70.0,Hofstra Pride,74.69,67.96
329,Richmond,67.0,67.3,61.8,67.3,66.7,68.7,66.66666666666667,Richmond Spiders,72.68,68.9
330,Sacramento St,67.0,65.6,64.1,66.0,67.8,66.2,70.27027027027026,Sacramento State Hornets,67.0,66.61
331,Stonehill,67.0,68.5,66.0,65.9,67.7,71.0,66.66666666666667,Stonehill Skyhawks,63.33,70.64
332,Rider,67.0,66.7,65.6,65.7,67.7,70.7,58.82352941176471,Rider Broncs,72.94,71.07
333,Niagara,66.9,67.4,65.6,65.9,67.7,69.3,50.0,Niagara Purple Eagles,72.9,69.86
334,Saint Peter's,66.9,68.8,70.1,66.6,67.1,67.4,74.28571428571429,Saint Peter's Peacocks,65.26,67.53
335,Incarnate Word,66.9,70.1,76.1,67.4,66.5,73.6,73.6842105263158,Incarnate Word Cardinals,72.93,73.69
336,Oregon St,66.9,62.9,66.4,66.7,67.1,69.4,62.06896551724138,Oregon State Beavers,69.26,69.61
337,Morehead St,66.8,64.8,71.5,65.7,67.6,67.3,68.75,Morehead State Eagles,75.67,67.41
338,Nevada,66.8,67.0,66.2,66.8,66.8,68.5,54.54545454545454,Nevada Wolf Pack,76.38,68.59
339,Drexel,66.8,62.4,63.5,68.1,65.9,67.6,60.0,Drexel Dragons,72.84,66.9
340,NC Greensboro,66.7,67.9,63.9,66.6,66.8,68.3,72.22222222222221,UNC Greensboro Spartans,76.13,68.28
341,Wofford,66.7,63.5,67.6,66.8,66.6,69.4,60.86956521739131,Wofford Terriers,75.06,69.55
342,N Iowa,66.7,63.0,63.4,67.3,66.1,69.3,44.44444444444444,Howard Bison,75.3,72.37
343,NW State,66.6,62.5,62.5,66.4,66.7,71.5,59.25925925925925,Iowa State Cyclones,75.76,69.66
344,St Bonaventure,66.6,70.2,66.4,66.0,67.1,68.0,75.67567567567568,St. Bonaventure Bonnies,73.88,68.44
345,Marist,66.5,62.5,63.3,66.9,66.1,66.6,54.54545454545454,Marist Red Foxes,64.77,66.63
346,Air Force,66.5,69.5,58.9,66.4,66.6,65.0,69.23076923076923,Air Force Falcons,66.5,64.87
347,Mercyhurst,66.4,65.8,66.4,66.8,66.2,--,48.0,Charlotte 49ers,69.23,64.71
348,Towson,66.4,65.7,70.4,65.9,66.7,65.6,63.1578947368421,Towson Tigers,67.88,64.95
349,Merrimack,66.4,67.1,62.8,65.1,67.4,70.0,66.66666666666667,Merrimack Warriors,69.88,70.85
350,Hou Christian,66.4,63.5,63.2,66.7,66.2,74.9,68.42105263157895,Houston Christian Huskies,71.64,75.47
351,Stony Brook,66.3,63.2,63.8,65.4,67.0,70.5,68.75,Stony Brook Seawolves,73.35,69.72
352,Boston U,66.3,66.2,66.6,67.5,65.1,67.9,54.54545454545454,Bucknell Bison,65.25,65.71
353,Radford,66.2,63.0,59.3,67.3,65.5,67.7,53.84615384615385,Radford Highlanders,72.31,67.27
354,Coastal Car,66.0,64.9,65.2,64.4,67.1,73.4,56.25,Chicago State Cougars,68.28,69.24
355,App State,66.0,63.4,59.7,68.7,64.0,72.1,58.06451612903225,App State Mountaineers,78.88,72.34
356,American,65.7,66.0,65.3,66.6,64.9,64.6,55.55555555555556,UIC Flames,71.0,71.08
357,Saint Mary's,65.6,61.1,65.3,66.0,65.2,66.0,80.0,Saint Mary's Gaels,74.41,64.65
358,Houston,65.5,64.6,61.1,64.5,66.7,66.4,63.63636363636363,Houston Cougars,74.0,65.83
359,Villanova,65.4,64.2,64.2,65.3,65.4,67.4,66.66666666666667,Villanova Wildcats,70.69,66.8
360,Vermont,65.3,64.0,64.2,64.8,65.8,66.7,56.00000000000001,Montreat Cavaliers,50.0,73.42
361,Virginia,62.8,65.5,68.3,61.3,64.7,63.3,61.53846153846154,Virginia Cavaliers,63.53,62.79
362,Wagner,62.8,61.0,64.0,62.7,62.8,65.0,57.14285714285714,Wagner Seahawks,63.87,64.86
363,N Texas,62.2,61.9,61.9,61.4,63.1,65.2,63.63636363636363,Texas Longhorns,76.61,69.4
364,Drake,61.9,58.3,55.6,61.0,62.7,71.3,52.63157894736843,Drake Bulldogs,80.36,71.49
