Player,SG OTT,SG OTT Percentile,Driving Distance,Distance Percentile,Driving Accuracy,Accuracy Percentile,Good Drive %,GD % Percentile,SG Approach,SG App. Percentile,GIR %,GIR Percentile,RTP Approach 175-200,RTP Approach 175-200 Percentile,RTP Approach 175-200 R,RTP Approach 175-200 R Percentile,RTP Approach 125-150,RTP Approach 125-150 Percentile,RTP Approach 125-150 R,RTP Approach 125-150 R Percentile,SG ATG,SG ATG Percentile,Scrambling %,Srambling % Percentile,RTP Scrambling Rough,RTP Scrambling Rough Percentile,SG Putting,SG Putting Percentile,Putting Avg,Putting Avg Percentile,3 Putt %,3 Putt % Percentile,Total Percentile,Rank
Scottie Scheffler,0.776,0.983,303.3,0.573,0.6452,0.841,0.8413,0.87,1.342,1.0,0.7025,0.95,-0.13,1.0,0.0,0.944,-0.114,0.5369999999999999,0.0,0.825,0.21,0.793,0.7004,0.994,0.344,0.927,0.359,0.864,1.7,0.94,0.0174,0.893,0.8779099999999999,1.0
Harry Hall,-0.028,0.369,301.8,0.491,0.5919,0.48,0.8198,0.632,-0.042,0.396,0.6586,0.557,-0.094,0.961,0.107,0.758,-0.202,0.91,0.0,0.825,0.296,0.891,0.6457,0.879,0.378,0.8140000000000001,0.796,0.994,1.678,0.962,0.0152,0.967,0.7386725000000001,2.0
Alex Smalley,0.452,0.907,306.3,0.721,0.6444,0.83,0.8422,0.887,0.286,0.728,0.6893,0.841,-0.03,0.746,0.04,0.888,-0.112,0.52,0.074,0.532,0.404,0.945,0.6457,0.879,0.434,0.565,0.224,0.744,1.749,0.514,0.0288,0.31100000000000005,0.7296725000000002,3.0
Shane Lowry,0.172,0.608,295.2,0.196,0.6482,0.852,0.8368,0.824,1.02,0.994,0.6806,0.781,-0.121,0.989,0.0,0.944,-0.153,0.741,0.048,0.645,0.271,0.864,0.6449,0.868,0.37,0.848,-0.021,0.407,1.755,0.42700000000000005,0.0243,0.616,0.72148,4.0
Justin Thomas,0.062,0.467,304.3,0.606,0.5686,0.327,0.8086,0.502,0.664,0.956,0.6622,0.606,-0.087,0.95,0.043,0.871,-0.236,0.955,0.026,0.729,0.257,0.842,0.5921,0.36,0.457,0.41900000000000004,0.465,0.918,1.658,0.968,0.0167,0.927,0.7120975,5.0
Sepp Straka,0.295,0.766,294.6,0.163,0.6852,0.945,0.8466,0.915,1.006,0.989,0.714,0.978,-0.083,0.944,0.304,0.21499999999999997,-0.255,0.978,0.214,0.14200000000000002,-0.14,0.25,0.6115,0.562,0.384,0.7969999999999999,0.427,0.907,1.703,0.929,0.0206,0.791,0.7065400000000002,6.0
Russell Henley,-0.062,0.336,284.2,0.016,0.6774,0.928,0.8613,0.966,0.538,0.913,0.6982,0.928,0.019,0.44699999999999995,0.25,0.356,-0.146,0.7070000000000001,-0.1,0.967,0.393,0.94,0.6109,0.557,0.341,0.938,0.226,0.75,1.725,0.8200000000000001,0.0265,0.45199999999999996,0.68206,7.0
Andrew Putnam,-0.596,0.043,282.3,0.01,0.6985,0.972,0.8529,0.937,0.402,0.82,0.7018,0.939,-0.08,0.933,0.133,0.69,-0.205,0.916,0.25,0.09099999999999997,0.433,0.956,0.673,0.967,0.425,0.611,0.341,0.853,1.764,0.32799999999999996,0.0204,0.8140000000000001,0.6757000000000001,8.0
Keegan Bradley,0.353,0.842,303.9,0.601,0.625,0.737,0.8267,0.711,0.577,0.923,0.6644,0.644,0.0,0.611,0.125,0.718,-0.184,0.871,0.136,0.379,0.289,0.885,0.5894,0.355,0.441,0.515,-0.214,0.222,1.724,0.831,0.0189,0.854,0.6704650000000001,9.0
Daniel Berger,0.445,0.896,300.7,0.475,0.6827,0.939,0.8599,0.954,0.466,0.875,0.6816,0.786,0.122,0.040000000000000036,0.042,0.882,-0.135,0.645,0.0,0.825,0.241,0.82,0.6443,0.857,0.349,0.921,-0.092,0.32,1.768,0.29000000000000004,0.0331,0.17000000000000004,0.666055,10.0
J.J. Spaun,0.232,0.706,305.0,0.655,0.6143,0.661,0.8279,0.717,0.761,0.972,0.6803,0.77,-0.034,0.775,0.074,0.8200000000000001,-0.218,0.927,-0.075,0.927,-0.073,0.32,0.6006,0.431,0.505,0.249,0.067,0.527,1.745,0.585,0.0214,0.78,0.66584,11.0
Si Woo Kim,0.308,0.793,295.5,0.213,0.6461,0.846,0.8361,0.819,0.195,0.635,0.6528,0.437,0.007,0.5369999999999999,0.045,0.859,-0.094,0.41300000000000003,0.174,0.249,0.379,0.923,0.6347,0.797,0.342,0.933,-0.064,0.347,1.723,0.837,0.0185,0.865,0.6653025,12.0
Brice Garnett,0.005,0.423,288.5,0.065,0.6861,0.95,0.8608,0.96,-0.359,0.146,0.6856,0.808,-0.048,0.837,0.214,0.475,-0.18,0.865,0.0,0.825,0.169,0.711,0.6667,0.945,0.36,0.876,0.335,0.847,1.762,0.356,0.0227,0.712,0.6604924999999999,13.0
Collin Morikawa,0.429,0.88,292.6,0.12,0.7287,0.994,0.8688,0.977,0.71,0.967,0.6764,0.737,-0.129,0.995,0.417,0.08499999999999996,-0.24,0.972,0.538,0.006000000000000005,0.014,0.478,0.6052,0.497,0.467,0.385,0.193,0.711,1.698,0.951,0.0236,0.6950000000000001,0.6594749999999999,14.0
Sungjae Im,0.429,0.88,294.0,0.142,0.6864,0.956,0.8414,0.875,-0.865,0.01,0.6224,0.12,-0.041,0.7969999999999999,0.192,0.532,-0.112,0.52,0.063,0.571,0.557,0.983,0.6334,0.775,0.399,0.724,0.291,0.831,1.696,0.957,0.0226,0.735,0.656325,15.0
Patrick Cantlay,0.307,0.788,302.6,0.546,0.6019,0.557,0.8488,0.932,0.628,0.945,0.7053,0.967,0.024,0.41300000000000003,0.143,0.6619999999999999,-0.178,0.848,-0.074,0.921,0.025,0.494,0.582,0.267,0.519,0.18700000000000006,0.165,0.663,1.729,0.787,0.0242,0.633,0.6557275,16.0
Thorbjørn Olesen,0.269,0.755,304.8,0.644,0.6235,0.732,0.836,0.813,0.35,0.793,0.6898,0.852,-0.065,0.899,0.417,0.08499999999999996,-0.1,0.43000000000000005,0.286,0.05700000000000005,0.122,0.652,0.6169,0.65,0.372,0.831,0.267,0.804,1.756,0.42100000000000004,0.017,0.91,0.6546449999999999,17.0
Sam Ryder,-0.209,0.201,297.9,0.311,0.5908,0.459,0.8073,0.474,0.205,0.641,0.6538,0.464,-0.031,0.752,0.03,0.899,-0.156,0.752,-0.032,0.842,-0.118,0.304,0.6451,0.874,0.36,0.876,0.749,0.978,1.722,0.847,0.0203,0.8200000000000001,0.65034,18.0
Keith Mitchell,0.595,0.951,314.4,0.939,0.5944,0.502,0.8292,0.734,0.284,0.717,0.6902,0.857,0.048,0.277,-0.167,1.0,-0.153,0.741,-0.042,0.865,-0.138,0.26,0.6103,0.54,0.411,0.656,0.108,0.565,1.731,0.771,0.0395,0.040000000000000036,0.6478975,19.0
Rory McIlroy,0.675,0.978,319.2,0.978,0.5085,0.032,0.7881,0.214,0.155,0.592,0.6585,0.551,-0.082,0.938,0.294,0.243,-0.226,0.938,0.188,0.22599999999999998,0.142,0.679,0.6555,0.923,0.406,0.6779999999999999,0.512,0.94,1.7,0.94,0.0343,0.14200000000000002,0.6436749999999999,20.0
Danny Willett,-0.01,0.402,293.9,0.136,0.6162,0.666,0.8158,0.593,-0.819,0.027,0.6481,0.366,-0.022,0.69,0.091,0.786,-0.225,0.933,-0.111,0.972,0.415,0.951,0.6794,0.978,0.311,0.984,0.757,0.983,1.787,0.10399999999999998,0.0168,0.921,0.643005,21.0
Tommy Fleetwood,0.234,0.711,296.8,0.234,0.6392,0.819,0.8323,0.757,0.614,0.934,0.64,0.278,0.064,0.18700000000000006,0.24,0.368,-0.228,0.944,0.16,0.277,0.263,0.853,0.6174,0.666,0.421,0.628,0.237,0.766,1.718,0.875,0.022,0.758,0.6377575,22.0
Nick Taylor,-0.044,0.347,290.8,0.092,0.6715,0.912,0.8404,0.853,0.61,0.929,0.7037,0.956,-0.009,0.645,0.24,0.368,-0.157,0.758,-0.259,1.0,0.091,0.597,0.6354,0.814,0.435,0.5489999999999999,0.135,0.603,1.757,0.41000000000000003,0.0267,0.43000000000000005,0.6309149999999999,23.0
Ryan Fox,0.107,0.554,305.7,0.693,0.5647,0.278,0.7981,0.322,0.521,0.907,0.6558,0.486,0.01,0.486,0.048,0.854,-0.146,0.7070000000000001,0.061,0.5880000000000001,0.1,0.625,0.5719,0.185,0.394,0.758,0.161,0.652,1.709,0.908,0.0169,0.916,0.6224775000000001,24.0
Matteo Manassero,-0.924,0.027,285.7,0.038,0.6169,0.677,0.7989,0.338,0.275,0.706,0.6506,0.409,-0.03,0.746,0.353,0.14200000000000002,-0.196,0.904,-0.091,0.955,0.608,0.994,0.7029,1.0,0.33,0.95,0.287,0.826,1.728,0.815,0.0278,0.396,0.6190125000000001,25.0
Kevin Roy,0.255,0.739,306.3,0.721,0.6327,0.803,0.8215,0.661,0.094,0.554,0.6905,0.863,0.054,0.255,0.217,0.45199999999999996,-0.084,0.33399999999999996,-0.08,0.938,-0.022,0.402,0.6264,0.726,0.402,0.718,0.036,0.478,1.767,0.31200000000000006,0.0147,0.972,0.615965,26.0
Thomas Detry,0.202,0.646,304.5,0.622,0.5654,0.289,0.8115,0.531,-0.104,0.326,0.6597,0.568,-0.101,0.967,0.0,0.944,-0.165,0.7969999999999999,0.105,0.42400000000000004,0.019,0.489,0.6122,0.568,0.417,0.645,0.378,0.88,1.75,0.503,0.0238,0.673,0.6144274999999999,27.0
Matt Kuchar,-0.269,0.173,284.7,0.027,0.617,0.683,0.8208,0.649,-0.047,0.385,0.614,0.071,0.028,0.396,-0.111,0.995,-0.213,0.921,0.304,0.040000000000000036,0.284,0.88,0.6705,0.956,0.34,0.944,0.269,0.809,1.731,0.771,0.0117,0.995,0.60798,28.0
Sam Stevens,0.178,0.619,304.4,0.617,0.5842,0.409,0.802,0.395,-0.134,0.309,0.649,0.382,-0.007,0.616,0.118,0.741,-0.141,0.673,0.0,0.825,0.19,0.744,0.6571,0.928,0.375,0.8200000000000001,0.154,0.635,1.768,0.29000000000000004,0.0236,0.6950000000000001,0.6038600000000001,29.0
Henrik Norlander,-0.158,0.25,296.7,0.229,0.652,0.863,0.8352,0.796,0.815,0.983,0.6765,0.743,-0.039,0.791,0.115,0.746,-0.158,0.763,0.042,0.673,-0.289,0.119,0.633,0.77,0.371,0.842,0.032,0.472,1.762,0.356,0.0261,0.469,0.6030600000000002,30.0
Corey Conners,0.531,0.934,295.0,0.185,0.6884,0.961,0.8461,0.909,0.26,0.69,0.6964,0.912,-0.016,0.667,0.25,0.356,-0.122,0.5820000000000001,0.179,0.238,-0.043,0.358,0.6151,0.622,0.316,0.978,0.122,0.586,1.758,0.394,0.0316,0.238,0.6026850000000001,31.0
Matt McCarty,0.09,0.505,294.8,0.18,0.6586,0.885,0.8399,0.847,-0.187,0.255,0.6558,0.486,-0.07,0.916,0.25,0.356,-0.123,0.5880000000000001,0.156,0.28900000000000003,0.05,0.543,0.6266,0.732,0.389,0.775,0.378,0.88,1.733,0.733,0.024,0.645,0.6013274999999999,32.0
Ryo Hisatsune,0.104,0.548,297.7,0.295,0.5927,0.497,0.8172,0.615,0.281,0.711,0.679,0.759,0.013,0.469,0.29,0.255,-0.097,0.42400000000000004,-0.033,0.848,0.257,0.842,0.6571,0.928,0.358,0.882,0.067,0.527,1.774,0.20799999999999996,0.0216,0.775,0.59847,33.0
Sam Burns,0.1,0.543,305.7,0.693,0.5995,0.535,0.801,0.361,-0.337,0.163,0.6533,0.459,-0.034,0.775,-0.074,0.984,-0.119,0.565,0.2,0.19299999999999995,0.016,0.483,0.5939,0.382,0.447,0.486,1.056,1.0,1.698,0.951,0.0172,0.899,0.598135,34.0
Ricky Castillo,0.369,0.853,308.5,0.803,0.6029,0.573,0.858,0.949,0.267,0.695,0.6944,0.896,0.089,0.11299999999999999,0.227,0.402,-0.113,0.526,0.188,0.22599999999999998,0.155,0.695,0.6473,0.896,0.296,1.0,-0.358,0.13,1.774,0.20799999999999996,0.0256,0.509,0.5939049999999999,35.0
Kevin Yu,0.571,0.94,307.4,0.77,0.6207,0.715,0.8163,0.61,0.45,0.853,0.6929,0.885,0.008,0.526,0.2,0.515,-0.15,0.724,0.0,0.825,-0.137,0.271,0.5658,0.147,0.468,0.356,-0.151,0.255,1.736,0.7050000000000001,0.0263,0.45799999999999996,0.5918324999999999,36.0
Michael Kim,0.072,0.478,300.6,0.464,0.5809,0.404,0.8056,0.457,0.286,0.728,0.6417,0.295,0.007,0.5369999999999999,-0.034,0.955,-0.069,0.277,0.136,0.379,0.358,0.918,0.6512,0.918,0.357,0.893,-0.001,0.434,1.759,0.372,0.0204,0.8140000000000001,0.59129,37.0
Lucas Glover,0.096,0.527,290.3,0.087,0.6887,0.967,0.838,0.841,0.349,0.788,0.6362,0.207,-0.048,0.837,0.059,0.848,-0.144,0.6839999999999999,0.179,0.238,0.181,0.739,0.6078,0.524,0.36,0.876,-0.145,0.266,1.738,0.6890000000000001,0.0283,0.345,0.5907499999999999,38.0
Gary Woodland,0.205,0.652,313.7,0.923,0.5676,0.3,0.7972,0.31,0.235,0.663,0.657,0.513,-0.009,0.645,0.074,0.8200000000000001,-0.185,0.876,0.0,0.825,-0.418,0.054,0.6268,0.737,0.427,0.5880000000000001,0.235,0.76,1.768,0.29000000000000004,0.0254,0.526,0.5866875000000001,39.0
Akshay Bhatia,0.005,0.423,292.4,0.114,0.6171,0.688,0.8229,0.672,0.494,0.885,0.6656,0.672,-0.009,0.645,0.042,0.882,-0.259,0.984,0.125,0.39,-0.272,0.13,0.5615,0.109,0.467,0.385,0.502,0.934,1.706,0.924,0.0256,0.509,0.57847,40.0
Paul Peterson,-0.454,0.092,279.1,0.005,0.7262,0.989,0.8484,0.926,-0.307,0.173,0.6441,0.311,0.054,0.255,0.222,0.43000000000000005,-0.262,0.989,0.0,0.825,0.079,0.576,0.6293,0.748,0.392,0.763,0.176,0.673,1.728,0.815,0.0156,0.955,0.5778150000000001,41.0
Bud Cauley,0.301,0.777,302.1,0.524,0.5788,0.393,0.8151,0.581,0.547,0.918,0.6561,0.502,0.1,0.07999999999999996,0.417,0.08499999999999996,-0.237,0.961,-0.074,0.921,-0.009,0.44,0.6346,0.792,0.463,0.402,0.264,0.793,1.74,0.645,0.0278,0.396,0.5777975,42.0
Harris English,0.237,0.717,300.8,0.48,0.6271,0.759,0.8329,0.774,0.004,0.44,0.6635,0.633,0.017,0.45199999999999996,0.261,0.31699999999999995,-0.029,0.136,0.143,0.356,-0.049,0.342,0.6159,0.633,0.388,0.78,0.401,0.896,1.75,0.503,0.0171,0.904,0.5766524999999999,43.0
Robert MacIntyre,0.425,0.875,299.0,0.387,0.627,0.754,0.8429,0.898,0.452,0.858,0.6955,0.901,-0.044,0.8200000000000001,0.194,0.526,-0.115,0.5429999999999999,0.083,0.481,-0.066,0.326,0.6105,0.546,0.441,0.515,-0.04,0.385,1.777,0.17000000000000004,0.0299,0.28900000000000003,0.5760475000000002,44.0
Jason Day,-0.022,0.38,297.2,0.273,0.5789,0.398,0.8139,0.553,0.085,0.548,0.6579,0.54,0.0,0.611,0.37,0.125,-0.268,0.995,0.0,0.825,0.195,0.76,0.6239,0.688,0.463,0.402,-0.06,0.353,1.713,0.891,0.0161,0.944,0.5732075,45.0
Ben Griffin,0.216,0.668,303.6,0.59,0.588,0.442,0.816,0.604,0.335,0.76,0.6875,0.814,0.026,0.40700000000000003,0.269,0.28900000000000003,-0.154,0.746,0.122,0.396,0.156,0.701,0.5972,0.415,0.5,0.272,0.198,0.722,1.746,0.5469999999999999,0.0226,0.735,0.5730700000000001,46.0
Vince Whaley,0.176,0.614,307.3,0.765,0.5305,0.092,0.7978,0.316,-0.269,0.201,0.6635,0.633,-0.046,0.825,0.033,0.893,0.05,0.029000000000000026,0.054,0.605,-0.026,0.391,0.6508,0.912,0.491,0.29400000000000004,0.178,0.684,1.731,0.771,0.0118,0.989,0.5722824999999999,47.0
Lee Hodges,0.145,0.592,304.7,0.633,0.6223,0.721,0.8255,0.7,0.409,0.831,0.6875,0.814,-0.022,0.69,0.35,0.15900000000000003,-0.052,0.21499999999999997,0.241,0.10799999999999998,0.03,0.51,0.6311,0.759,0.46,0.41300000000000003,0.148,0.63,1.749,0.514,0.025,0.571,0.566075,48.0
Ryan Gerard,0.195,0.641,301.8,0.491,0.6051,0.595,0.8249,0.689,0.437,0.842,0.6463,0.349,0.078,0.14200000000000002,0.143,0.6619999999999999,-0.055,0.22599999999999998,0.083,0.481,0.097,0.619,0.6204,0.677,0.405,0.69,0.135,0.603,1.732,0.744,0.0269,0.41900000000000004,0.56542,49.0
Takumi Kanaya,0.189,0.63,287.8,0.049,0.7118,0.978,0.8706,0.988,-0.534,0.065,0.6577,0.53,-0.033,0.758,0.357,0.136,-0.044,0.18700000000000006,0.0,0.825,0.195,0.76,0.6711,0.961,0.367,0.854,0.27,0.815,1.795,0.09299999999999997,0.027,0.402,0.5608175000000001,50.0
Quade Cummins,0.153,0.597,302.0,0.519,0.5543,0.24,0.801,0.361,-0.111,0.32,0.6578,0.535,0.045,0.30600000000000005,-0.056,0.978,-0.091,0.385,0.069,0.5429999999999999,-0.222,0.163,0.6421,0.836,0.371,0.842,0.498,0.929,1.75,0.503,0.0189,0.854,0.5601324999999999,51.0
Andrew Novak,0.239,0.722,299.4,0.409,0.5772,0.377,0.7644,0.056,0.048,0.505,0.6121,0.065,0.008,0.526,0.194,0.526,-0.179,0.859,0.175,0.243,0.251,0.836,0.6276,0.743,0.405,0.69,0.077,0.543,1.731,0.771,0.0192,0.842,0.557975,52.0
Hideki Matsuyama,-0.01,0.402,300.2,0.448,0.5526,0.218,0.7727,0.084,0.272,0.701,0.6444,0.316,-0.05,0.854,0.214,0.475,-0.151,0.729,0.083,0.481,0.524,0.972,0.6844,0.989,0.316,0.978,0.179,0.69,1.766,0.32299999999999995,0.0367,0.10199999999999998,0.5572250000000001,53.0
Erik van Rooyen,0.255,0.739,308.2,0.786,0.607,0.622,0.8333,0.779,0.144,0.581,0.6785,0.754,0.04,0.33899999999999997,0.2,0.515,-0.103,0.46399999999999997,0.074,0.532,-0.024,0.396,0.5294,0.016,0.446,0.492,-0.055,0.358,1.72,0.858,0.0236,0.6950000000000001,0.554505,54.0
Jordan Spieth,0.355,0.847,305.2,0.666,0.5981,0.519,0.8356,0.807,0.156,0.597,0.6528,0.437,0.157,0.01200000000000001,0.182,0.577,-0.021,0.119,0.172,0.255,0.246,0.831,0.6123,0.573,0.523,0.16400000000000003,0.138,0.614,1.722,0.847,0.0235,0.7010000000000001,0.5524374999999999,55.0
Chris Gotterup,0.376,0.858,313.9,0.928,0.5451,0.147,0.8282,0.723,-0.084,0.358,0.6983,0.934,-0.043,0.8140000000000001,0.118,0.741,0.0,0.09699999999999998,0.061,0.5880000000000001,-0.053,0.336,0.6679,0.95,0.402,0.718,-0.142,0.277,1.774,0.20799999999999996,0.0349,0.13,0.5511875,56.0
Aaron Rai,0.349,0.836,286.6,0.043,0.7343,1.0,0.8746,1.0,0.403,0.826,0.6921,0.879,0.083,0.125,0.0,0.944,-0.073,0.28900000000000003,0.0,0.825,-0.019,0.418,0.5827,0.278,0.456,0.42400000000000004,-0.137,0.282,1.758,0.394,0.0289,0.30600000000000005,0.5481275000000001,57.0
Christiaan Bezuidenhout,-0.388,0.114,287.8,0.049,0.6313,0.792,0.8073,0.474,-0.208,0.239,0.646,0.344,0.04,0.33899999999999997,0.061,0.831,-0.111,0.509,-0.13,0.984,0.274,0.869,0.6246,0.704,0.447,0.486,0.363,0.869,1.744,0.602,0.024,0.645,0.5479725,58.0
Trey Mullinax,0.332,0.82,313.6,0.918,0.5285,0.087,0.8023,0.401,-0.169,0.282,0.6842,0.803,0.014,0.46399999999999997,-0.042,0.967,-0.041,0.17000000000000004,0.143,0.356,-0.169,0.211,0.5926,0.371,0.438,0.532,0.23,0.755,1.739,0.667,0.0205,0.7969999999999999,0.5444625000000001,59.0
Billy Horschel,-0.04,0.353,298.3,0.349,0.5733,0.36,0.7914,0.242,0.06,0.521,0.6477,0.36,0.088,0.119,0.0,0.944,-0.085,0.345,-0.095,0.961,0.072,0.57,0.639,0.83,0.5,0.272,0.211,0.739,1.731,0.771,0.0175,0.888,0.5433375,60.0
J.T. Poston,0.042,0.451,294.2,0.153,0.6512,0.857,0.8214,0.655,0.131,0.576,0.6519,0.431,-0.053,0.865,0.185,0.565,-0.066,0.26,-0.04,0.859,0.224,0.804,0.6064,0.513,0.471,0.351,-0.025,0.402,1.746,0.5469999999999999,0.0269,0.41900000000000004,0.5424500000000001,61.0
Taylor Pendrith,0.648,0.967,308.9,0.836,0.6097,0.639,0.8355,0.802,0.375,0.809,0.7024,0.945,-0.121,0.989,0.16,0.611,-0.049,0.20399999999999996,-0.059,0.893,-0.147,0.244,0.56,0.103,0.54,0.09699999999999998,-0.229,0.201,1.773,0.235,0.0327,0.18100000000000005,0.5404824999999999,62.0
Jake Knapp,-0.093,0.288,308.4,0.792,0.5236,0.065,0.7866,0.197,0.166,0.608,0.6626,0.612,-0.026,0.718,0.119,0.729,-0.147,0.712,0.044,0.6619999999999999,-0.027,0.385,0.6168,0.644,0.536,0.10799999999999998,0.354,0.858,1.736,0.7050000000000001,0.0253,0.5369999999999999,0.5399525000000001,63.0
Nico Echavarria,-0.128,0.266,294.4,0.158,0.6276,0.765,0.8255,0.7,0.064,0.527,0.6485,0.377,-0.042,0.8029999999999999,0.125,0.718,-0.118,0.56,0.192,0.20999999999999996,-0.503,0.032,0.5968,0.409,0.436,0.5369999999999999,0.746,0.972,1.717,0.88,0.0227,0.712,0.5373575,64.0
Zach Johnson,-0.263,0.184,284.3,0.021,0.6741,0.923,0.8483,0.92,-0.231,0.228,0.6513,0.426,0.076,0.15300000000000002,-0.083,0.989,-0.136,0.6619999999999999,0.333,0.029000000000000026,0.048,0.527,0.5769,0.229,0.364,0.859,0.489,0.923,1.741,0.629,0.0096,1.0,0.5364899999999999,65.0
Denny McCarthy,-0.187,0.211,295.0,0.185,0.6091,0.633,0.7944,0.276,0.146,0.586,0.6538,0.464,0.0,0.611,0.294,0.243,-0.159,0.775,0.08,0.492,0.004,0.461,0.6447,0.863,0.434,0.565,0.619,0.967,1.754,0.43799999999999994,0.0208,0.786,0.53629,66.0
Matti Schmid,0.097,0.532,312.7,0.907,0.5487,0.191,0.8083,0.497,0.284,0.717,0.6803,0.77,-0.117,0.978,0.294,0.243,-0.101,0.43600000000000005,0.028,0.718,-0.353,0.081,0.5709,0.18,0.449,0.475,0.164,0.657,1.745,0.585,0.0238,0.673,0.5348149999999999,67.0
Brandt Snedeker,-0.354,0.135,284.9,0.032,0.673,0.918,0.8422,0.887,-0.374,0.135,0.6287,0.158,0.101,0.07399999999999995,0.214,0.475,-0.238,0.967,0.2,0.19299999999999995,-0.039,0.369,0.6339,0.781,0.32,0.961,0.76,0.989,1.728,0.815,0.0219,0.763,0.53394,68.0
Stephan Jaeger,-0.263,0.184,304.3,0.606,0.5349,0.098,0.7849,0.18,0.307,0.755,0.6444,0.316,-0.03,0.746,0.083,0.7969999999999999,-0.13,0.628,0.075,0.515,0.22,0.798,0.5729,0.202,0.549,0.08499999999999996,0.312,0.836,1.718,0.875,0.0194,0.837,0.5334300000000001,69.0
Carson Young,0.318,0.804,295.3,0.202,0.6661,0.896,0.8404,0.853,0.006,0.445,0.6679,0.693,-0.055,0.882,0.278,0.272,-0.025,0.125,0.053,0.628,-0.289,0.119,0.6388,0.819,0.402,0.718,-0.002,0.429,1.771,0.252,0.0278,0.396,0.531365,70.0
Kris Ventura,0.11,0.559,309.5,0.846,0.5915,0.469,0.806,0.468,-0.172,0.277,0.663,0.628,0.038,0.351,-0.043,0.972,-0.169,0.8200000000000001,0.143,0.356,-0.261,0.141,0.6165,0.639,0.408,0.673,0.186,0.701,1.772,0.241,0.0266,0.44699999999999995,0.5305025,71.0
Victor Perez,0.298,0.771,302.6,0.546,0.6573,0.879,0.8692,0.983,0.337,0.766,0.697,0.918,0.096,0.09699999999999998,0.158,0.622,-0.037,0.16400000000000003,0.08,0.492,-0.325,0.097,0.6083,0.53,0.485,0.31100000000000005,0.1,0.559,1.777,0.17000000000000004,0.0253,0.5369999999999999,0.5264775,72.0
Steven Fisk,0.413,0.869,311.3,0.874,0.6065,0.606,0.8419,0.881,0.351,0.798,0.7099,0.972,0.031,0.379,0.136,0.673,-0.088,0.356,0.303,0.04600000000000004,0.093,0.608,0.5957,0.404,0.42,0.633,-0.575,0.048,1.807,0.02200000000000002,0.0321,0.21499999999999997,0.525745,73.0
Rico Hoey,0.662,0.972,305.5,0.683,0.6714,0.907,0.8634,0.971,0.252,0.679,0.7044,0.961,-0.066,0.91,0.261,0.31699999999999995,-0.054,0.22099999999999997,0.138,0.368,-0.01,0.434,0.5839,0.284,0.426,0.605,-0.874,0.01,1.8,0.08199999999999996,0.0417,0.02300000000000002,0.523465,74.0
Will Zalatoris,0.137,0.576,299.3,0.404,0.6196,0.71,0.8375,0.836,0.453,0.864,0.6931,0.89,0.023,0.42400000000000004,0.059,0.848,-0.19,0.888,0.067,0.56,0.084,0.592,0.5701,0.174,0.529,0.13,-0.519,0.07,1.766,0.32299999999999995,0.0306,0.266,0.522115,75.0
Jacob Bridgeman,-0.068,0.331,297.9,0.311,0.571,0.344,0.8014,0.378,0.032,0.478,0.6256,0.131,0.058,0.21499999999999997,0.143,0.6619999999999999,-0.196,0.904,0.051,0.633,-0.03,0.38,0.635,0.803,0.349,0.921,0.617,0.961,1.739,0.667,0.0311,0.243,0.5220625000000001,76.0
Tom Hoge,-0.528,0.048,293.2,0.125,0.6066,0.617,0.8051,0.451,0.514,0.902,0.6274,0.136,0.066,0.17600000000000005,0.133,0.69,-0.121,0.571,0.04,0.6779999999999999,0.027,0.5,0.6427,0.846,0.435,0.5489999999999999,0.144,0.625,1.728,0.815,0.0249,0.577,0.520815,77.0
Davis Riley,-0.368,0.125,306.3,0.721,0.5506,0.207,0.7947,0.282,-0.426,0.097,0.6432,0.306,0.069,0.17000000000000004,0.08,0.8029999999999999,-0.171,0.831,0.16,0.277,0.241,0.82,0.5719,0.185,0.351,0.904,0.27,0.815,1.706,0.924,0.0182,0.871,0.518985,78.0
Ben Kohles,0.082,0.489,291.9,0.098,0.7188,0.983,0.8569,0.943,0.057,0.516,0.6894,0.846,-0.009,0.645,0.222,0.43000000000000005,-0.078,0.31699999999999995,0.071,0.5369999999999999,-0.154,0.239,0.6301,0.754,0.433,0.577,-0.128,0.293,1.753,0.45999999999999996,0.0303,0.277,0.5189275,79.0
Tony Finau,0.19,0.635,303.7,0.595,0.5875,0.437,0.8134,0.542,0.041,0.5,0.6576,0.519,-0.019,0.673,0.174,0.5880000000000001,-0.146,0.7070000000000001,0.038,0.6839999999999999,0.177,0.733,0.5861,0.316,0.467,0.385,-0.011,0.423,1.752,0.46499999999999997,0.034,0.15900000000000003,0.5188050000000001,80.0
Sami Valimaki,-0.326,0.146,298.5,0.36,0.5861,0.42,0.8027,0.418,0.437,0.842,0.6576,0.519,0.045,0.30600000000000005,0.129,0.7010000000000001,-0.169,0.8200000000000001,0.227,0.13,-0.134,0.282,0.6026,0.464,0.409,0.6619999999999999,0.557,0.956,1.745,0.585,0.0238,0.673,0.51879,81.0
Emiliano Grillo,0.059,0.456,299.2,0.398,0.6555,0.874,0.8343,0.785,0.381,0.815,0.6567,0.508,0.023,0.42400000000000004,0.304,0.21499999999999997,-0.178,0.848,0.115,0.402,-0.481,0.038,0.5631,0.12,0.51,0.22099999999999997,0.134,0.597,1.738,0.6890000000000001,0.0144,0.978,0.51434,82.0
Min Woo Lee,0.141,0.581,314.7,0.945,0.5474,0.174,0.7925,0.259,-0.289,0.184,0.649,0.382,-0.022,0.69,0.19,0.5429999999999999,-0.125,0.599,0.053,0.628,0.381,0.929,0.6007,0.437,0.512,0.20999999999999996,0.257,0.788,1.753,0.45999999999999996,0.029,0.30000000000000004,0.5111724999999999,83.0
Rickie Fowler,0.217,0.673,303.4,0.584,0.6177,0.699,0.8073,0.474,-0.026,0.418,0.6418,0.3,-0.037,0.786,0.267,0.29400000000000004,-0.135,0.645,0.282,0.06299999999999994,-0.217,0.173,0.6172,0.655,0.477,0.32299999999999995,0.064,0.521,1.757,0.41000000000000003,0.0165,0.933,0.5003125,84.0
Nicolai Højgaard,0.037,0.445,313.0,0.912,0.5388,0.12,0.7937,0.271,0.472,0.88,0.6963,0.907,-0.103,0.972,0.304,0.21499999999999997,-0.13,0.628,0.0,0.825,-0.233,0.157,0.5122,0.01,0.66,0.0,0.193,0.711,1.747,0.536,0.0259,0.481,0.499155,85.0
Cameron Young,0.256,0.75,311.1,0.868,0.5175,0.049,0.7876,0.209,-0.499,0.076,0.6216,0.109,0.009,0.503,0.333,0.17600000000000005,-0.163,0.78,-0.053,0.876,-0.045,0.353,0.5651,0.142,0.397,0.741,0.434,0.913,1.718,0.875,0.0252,0.5489999999999999,0.4966225000000001,86.0
Jesper Svensson,0.576,0.945,317.8,0.967,0.5513,0.213,0.7863,0.192,-0.424,0.103,0.6405,0.284,0.053,0.266,0.211,0.481,-0.056,0.23199999999999998,-0.065,0.899,0.119,0.646,0.5818,0.262,0.487,0.30600000000000005,0.24,0.771,1.724,0.831,0.0283,0.345,0.494605,87.0
Kurt Kitayama,0.448,0.902,315.8,0.956,0.5414,0.131,0.7828,0.163,0.016,0.461,0.6495,0.393,0.022,0.43600000000000005,0.105,0.763,0.0,0.09699999999999998,-0.037,0.854,0.265,0.858,0.5925,0.366,0.535,0.11299999999999999,-0.406,0.114,1.745,0.585,0.0251,0.565,0.4943675,88.0
Joel Dahmen,0.157,0.603,297.9,0.311,0.6791,0.934,0.8345,0.79,0.51,0.896,0.6705,0.71,0.009,0.503,0.188,0.554,-0.06,0.243,0.103,0.43600000000000005,-0.164,0.233,0.6353,0.808,0.455,0.44099999999999995,-0.328,0.146,1.778,0.15400000000000003,0.0388,0.06799999999999995,0.4896374999999999,89.0
Mark Hubbard,0.028,0.434,300.5,0.459,0.6177,0.699,0.8158,0.593,0.08,0.532,0.6613,0.573,0.009,0.503,0.237,0.379,-0.074,0.29400000000000004,0.029,0.712,-0.206,0.19,0.6025,0.459,0.403,0.6950000000000001,-0.017,0.418,1.769,0.274,0.0224,0.741,0.48944499999999996,90.0
Danny Walker,0.068,0.472,306.8,0.743,0.5421,0.136,0.7929,0.265,0.235,0.663,0.6499,0.404,0.038,0.351,0.278,0.272,-0.079,0.32299999999999995,-0.067,0.904,0.176,0.728,0.6052,0.497,0.398,0.735,0.023,0.461,1.74,0.645,0.0349,0.13,0.48803750000000007,91.0
Viktor Hovland,0.095,0.521,300.1,0.437,0.6278,0.77,0.8252,0.694,0.65,0.951,0.6579,0.54,-0.024,0.712,0.478,0.03400000000000003,-0.159,0.775,0.143,0.356,-0.305,0.114,0.5769,0.229,0.449,0.475,-0.104,0.315,1.733,0.733,0.0322,0.20999999999999996,0.48796249999999997,92.0
Patrick Rodgers,-0.026,0.375,305.5,0.683,0.5698,0.333,0.7791,0.107,-0.251,0.211,0.6317,0.174,0.014,0.46399999999999997,0.276,0.277,-0.103,0.46399999999999997,0.196,0.19799999999999995,0.225,0.815,0.6472,0.89,0.357,0.893,0.156,0.646,1.743,0.613,0.0269,0.41900000000000004,0.485945,93.0
Alejandro Tosti,0.335,0.826,314.1,0.934,0.5678,0.316,0.8028,0.423,-0.101,0.336,0.6449,0.333,0.063,0.20399999999999996,0.059,0.848,0.0,0.09699999999999998,0.059,0.599,0.306,0.896,0.6054,0.508,0.424,0.616,-0.681,0.032,1.757,0.41000000000000003,0.0302,0.28300000000000003,0.485805,94.0
Greyson Sigg,0.079,0.483,294.6,0.163,0.629,0.775,0.8145,0.564,0.254,0.684,0.6626,0.612,0.089,0.11299999999999999,0.292,0.249,-0.274,1.0,0.067,0.56,0.054,0.548,0.6345,0.786,0.319,0.967,-0.52,0.065,1.806,0.03300000000000003,0.0285,0.31699999999999995,0.4846500000000001,95.0
Eric Cole,-0.324,0.152,297.7,0.295,0.5748,0.366,0.7715,0.079,0.158,0.603,0.6222,0.114,0.0,0.611,0.128,0.7070000000000001,-0.047,0.19799999999999995,0.15,0.31100000000000005,0.135,0.668,0.6239,0.688,0.372,0.831,0.071,0.538,1.73,0.782,0.0246,0.5880000000000001,0.48270250000000003,96.0
Taylor Montgomery,-0.46,0.081,302.7,0.562,0.51,0.038,0.7811,0.135,-0.482,0.081,0.6373,0.234,0.057,0.22599999999999998,0.231,0.396,-0.229,0.95,0.0,0.825,0.093,0.608,0.6128,0.584,0.378,0.8140000000000001,0.53,0.951,1.712,0.902,0.0278,0.396,0.48185500000000003,97.0
Max McGreevy,0.326,0.809,297.9,0.311,0.6676,0.901,0.8324,0.762,0.292,0.744,0.6656,0.672,0.097,0.08499999999999996,0.471,0.04600000000000004,-0.109,0.492,0.067,0.56,-0.135,0.277,0.5662,0.153,0.462,0.40700000000000003,-0.115,0.309,1.756,0.42100000000000004,0.0216,0.775,0.479505,98.0
Mackenzie Hughes,-0.142,0.255,300.6,0.464,0.5644,0.267,0.8015,0.389,-0.057,0.38,0.6508,0.415,0.021,0.44099999999999995,0.22,0.43600000000000005,-0.148,0.718,0.194,0.20399999999999996,0.28,0.875,0.625,0.71,0.398,0.735,0.028,0.467,1.767,0.31200000000000006,0.0248,0.5820000000000001,0.4789825000000001,99.0
Aldrich Potgieter,0.637,0.961,326.6,0.989,0.5373,0.109,0.7801,0.124,-0.272,0.195,0.6317,0.174,-0.029,0.724,0.1,0.769,0.0,0.09699999999999998,0.138,0.368,-0.459,0.043,0.5345,0.027,0.396,0.746,0.252,0.782,1.736,0.7050000000000001,0.0238,0.673,0.4779500000000001,100.0
Rikuya Hoshino,-0.084,0.309,297.6,0.289,0.5915,0.469,0.8106,0.514,-0.18,0.26,0.6291,0.163,0.0,0.611,0.107,0.758,-0.067,0.266,0.333,0.029000000000000026,0.005,0.467,0.6608,0.939,0.297,0.995,-0.12,0.304,1.745,0.585,0.0245,0.599,0.47741,101.0
Nate Lashley,-0.161,0.233,298.1,0.344,0.5848,0.415,0.8183,0.621,0.107,0.565,0.6508,0.415,0.0,0.611,0.091,0.786,-0.09,0.373,0.125,0.39,-0.13,0.293,0.6439,0.852,0.385,0.791,-0.08,0.331,1.801,0.07199999999999995,0.0251,0.565,0.47210250000000004,102.0
Chad Ramey,-0.185,0.217,292.1,0.103,0.6065,0.606,0.8287,0.728,-0.112,0.315,0.6619,0.59,0.0,0.611,0.357,0.136,-0.09,0.373,0.143,0.356,-0.188,0.201,0.6154,0.628,0.298,0.989,0.099,0.554,1.759,0.372,0.0177,0.882,0.4708175000000001,103.0
Max Greyserman,-0.161,0.233,307.0,0.759,0.5471,0.169,0.7609,0.033,-0.027,0.413,0.6375,0.24,0.055,0.23199999999999998,0.12,0.724,-0.075,0.30600000000000005,0.061,0.5880000000000001,0.041,0.521,0.574,0.218,0.454,0.45799999999999996,0.368,0.875,1.712,0.902,0.0226,0.735,0.47019500000000003,104.0
Adam Svensson,-0.087,0.298,293.8,0.131,0.645,0.836,0.824,0.683,0.015,0.456,0.6678,0.688,0.0,0.611,0.083,0.7969999999999999,-0.13,0.628,0.211,0.15300000000000002,0.19,0.744,0.5939,0.382,0.505,0.249,-0.467,0.092,1.795,0.09299999999999997,0.0204,0.8140000000000001,0.4692175,105.0
Nick Hardy,0.091,0.51,308.5,0.803,0.5625,0.262,0.8203,0.638,0.036,0.489,0.6832,0.797,0.029,0.385,0.0,0.944,-0.179,0.859,-0.059,0.893,-0.202,0.195,0.564,0.125,0.531,0.125,-0.286,0.173,1.785,0.10999999999999999,0.0255,0.515,0.4667125,106.0
Brian Harman,-0.045,0.342,292.1,0.103,0.6253,0.748,0.8145,0.564,0.03,0.472,0.6648,0.655,0.008,0.526,0.154,0.628,-0.031,0.14200000000000002,0.188,0.22599999999999998,0.112,0.641,0.6039,0.48,0.495,0.28300000000000003,0.015,0.456,1.758,0.394,0.0226,0.735,0.4660675000000001,107.0
Charley Hoffman,0.084,0.494,305.8,0.704,0.6082,0.628,0.8299,0.74,0.211,0.652,0.6627,0.622,0.034,0.368,0.313,0.19299999999999995,0.0,0.09699999999999998,0.033,0.6950000000000001,0.048,0.527,0.6196,0.672,0.43,0.5820000000000001,-0.787,0.016,1.77,0.263,0.0317,0.22599999999999998,0.46546000000000004,108.0
Brian Campbell,-0.959,0.021,275.6,0.0,0.6649,0.89,0.8368,0.824,0.346,0.782,0.6376,0.251,-0.065,0.899,0.467,0.051000000000000045,-0.032,0.14700000000000002,0.615,0.0,0.342,0.913,0.5839,0.284,0.453,0.46399999999999997,0.168,0.668,1.728,0.815,0.0304,0.272,0.46431,109.0
Antoine Rozner,0.061,0.461,306.5,0.737,0.578,0.387,0.8102,0.508,0.496,0.891,0.6912,0.874,-0.072,0.921,0.217,0.45199999999999996,-0.106,0.475,0.25,0.09099999999999997,-0.327,0.092,0.5649,0.136,0.455,0.44099999999999995,-0.286,0.173,1.751,0.481,0.0284,0.33399999999999996,0.46395499999999995,110.0
Michael Thorbjornsen,0.437,0.891,316.0,0.961,0.5919,0.48,0.841,0.864,-0.034,0.402,0.6978,0.923,0.061,0.20999999999999996,0.409,0.10799999999999998,-0.122,0.5820000000000001,-0.087,0.944,-0.374,0.065,0.5426,0.049,0.426,0.605,-0.392,0.125,1.775,0.18600000000000005,0.0298,0.29400000000000004,0.46267749999999996,111.0
Beau Hossler,-0.455,0.086,304.5,0.622,0.5134,0.043,0.7433,0.022,-0.343,0.152,0.6049,0.043,0.008,0.526,0.237,0.379,-0.102,0.45199999999999996,0.214,0.14200000000000002,0.48,0.967,0.625,0.71,0.385,0.791,0.154,0.635,1.733,0.733,0.0185,0.865,0.4588425,112.0
Jhonattan Vegas,0.227,0.684,306.9,0.754,0.5532,0.224,0.8106,0.514,0.113,0.57,0.6615,0.584,-0.011,0.656,-0.032,0.95,-0.118,0.56,0.05,0.639,0.01,0.472,0.5802,0.245,0.528,0.136,-0.241,0.19,1.781,0.132,0.0349,0.13,0.45806499999999994,113.0
Adam Scott,0.227,0.684,301.8,0.491,0.5661,0.295,0.8143,0.559,-0.199,0.25,0.6375,0.24,-0.049,0.842,0.4,0.119,-0.058,0.238,0.206,0.17000000000000004,0.208,0.788,0.5824,0.273,0.434,0.565,-0.021,0.407,1.745,0.585,0.0236,0.6950000000000001,0.457645,114.0
Xander Schauffele,-0.115,0.282,308.8,0.825,0.5258,0.081,0.7778,0.101,0.681,0.961,0.662,0.595,0.0,0.611,0.2,0.515,-0.107,0.481,0.0,0.825,-0.014,0.429,0.5616,0.114,0.519,0.18700000000000006,-0.215,0.217,1.762,0.356,0.0201,0.825,0.457495,115.0
Isaiah Salinda,0.495,0.918,311.5,0.879,0.5992,0.524,0.792,0.248,-0.173,0.271,0.6711,0.715,0.0,0.611,0.182,0.577,-0.085,0.345,0.087,0.46399999999999997,0.028,0.505,0.6,0.426,0.52,0.17600000000000005,-0.325,0.152,1.758,0.394,0.0482,0.006000000000000005,0.45684749999999996,116.0
Ben Silverman,-0.159,0.244,299.4,0.409,0.5907,0.453,0.8,0.35,-0.429,0.092,0.6311,0.169,-0.011,0.656,0.174,0.5880000000000001,-0.114,0.5369999999999999,0.043,0.667,0.2,0.782,0.6255,0.721,0.465,0.39,0.081,0.548,1.781,0.132,0.0242,0.633,0.45528500000000005,117.0
Wyndham Clark,0.141,0.581,311.6,0.89,0.5646,0.273,0.7871,0.203,-0.406,0.108,0.6378,0.256,0.082,0.13,0.19,0.5429999999999999,-0.146,0.7070000000000001,0.143,0.356,0.197,0.777,0.587,0.327,0.517,0.19799999999999995,0.117,0.581,1.734,0.716,0.0267,0.43000000000000005,0.4486125,118.0
Seamus Power,-0.016,0.391,298.3,0.349,0.6168,0.672,0.8024,0.406,0.083,0.543,0.6481,0.366,0.047,0.28900000000000003,0.519,0.017000000000000015,-0.096,0.41900000000000004,0.033,0.6950000000000001,0.152,0.69,0.6316,0.765,0.391,0.769,-0.236,0.195,1.778,0.15400000000000003,0.0278,0.396,0.44364750000000003,119.0
Byeong Hun An,0.329,0.815,305.9,0.71,0.5497,0.202,0.7832,0.169,-0.34,0.157,0.6379,0.262,0.096,0.09699999999999998,-0.037,0.961,-0.141,0.673,0.053,0.628,0.171,0.722,0.5863,0.322,0.634,0.006000000000000005,-0.394,0.119,1.734,0.716,0.0258,0.492,0.443225,120.0
Ben Martin,-0.118,0.277,296.1,0.218,0.6174,0.693,0.831,0.745,0.183,0.625,0.6703,0.704,0.043,0.32799999999999996,0.471,0.04600000000000004,-0.111,0.509,0.2,0.19299999999999995,-0.247,0.152,0.6141,0.601,0.509,0.23199999999999998,-0.026,0.396,1.751,0.481,0.0197,0.831,0.43637250000000005,121.0
Noah Goodwin,-0.022,0.38,300.0,0.431,0.6378,0.814,0.8327,0.768,-0.162,0.288,0.6532,0.453,0.011,0.481,0.286,0.26,0.043,0.040000000000000036,0.053,0.628,0.003,0.456,0.6147,0.617,0.382,0.8029999999999999,-0.173,0.244,1.77,0.263,0.036,0.10799999999999998,0.4351725,122.0
Ludvig Åberg,0.516,0.923,310.3,0.857,0.5924,0.491,0.797,0.293,-0.025,0.423,0.655,0.475,-0.013,0.6619999999999999,0.429,0.06299999999999994,-0.064,0.255,0.227,0.13,-0.133,0.288,0.6105,0.546,0.522,0.17000000000000004,-0.144,0.271,1.744,0.602,0.031,0.26,0.434275,123.0
Kaito Onishi,-0.177,0.222,299.9,0.426,0.598,0.513,0.804,0.435,-0.379,0.13,0.6284,0.142,0.0,0.611,0.167,0.605,-0.125,0.599,0.077,0.509,0.049,0.538,0.6495,0.907,0.326,0.955,-0.349,0.141,1.802,0.050000000000000044,0.0326,0.18700000000000006,0.42610750000000003,124.0
Niklas Norgaard,0.616,0.956,320.0,0.983,0.5045,0.027,0.7909,0.231,0.036,0.489,0.6892,0.836,0.026,0.40700000000000003,0.25,0.356,-0.111,0.509,-0.032,0.842,-0.362,0.076,0.5475,0.071,0.6,0.017000000000000015,0.037,0.483,1.751,0.481,0.0417,0.02300000000000002,0.42426500000000006,125.0
Matt Wallace,-0.004,0.413,305.3,0.672,0.5723,0.349,0.8203,0.638,-0.226,0.233,0.6396,0.273,0.14,0.02300000000000002,0.5,0.029000000000000026,-0.136,0.6619999999999999,0.208,0.16400000000000003,0.771,1.0,0.675,0.972,0.35,0.91,-0.355,0.135,1.8,0.08199999999999996,0.048,0.01200000000000001,0.41234750000000003,126.0
Tim Widing,0.002,0.418,309.7,0.852,0.5411,0.125,0.7947,0.282,-0.244,0.217,0.637,0.229,0.08,0.136,0.0,0.944,-0.189,0.882,-0.154,0.989,-0.308,0.103,0.5051,0.005,0.578,0.040000000000000036,-0.418,0.108,1.73,0.782,0.0222,0.752,0.41117250000000005,127.0
Patton Kizzire,-0.333,0.141,294.7,0.174,0.5873,0.431,0.7817,0.146,-0.046,0.391,0.6204,0.103,0.063,0.20399999999999996,0.136,0.673,-0.075,0.30600000000000005,-0.214,0.995,0.324,0.907,0.6138,0.59,0.411,0.656,-0.472,0.086,1.739,0.667,0.037,0.09699999999999998,0.40958750000000005,128.0
Mac Meissner,-0.476,0.065,300.1,0.437,0.5652,0.284,0.7652,0.062,0.238,0.673,0.6178,0.087,0.044,0.31699999999999995,0.222,0.43000000000000005,-0.078,0.31699999999999995,0.0,0.825,0.224,0.804,0.6483,0.901,0.476,0.32799999999999996,-0.134,0.288,1.773,0.235,0.0278,0.396,0.40668750000000004,129.0
Cristobal Del Solar,-0.454,0.092,299.8,0.42,0.5254,0.076,0.791,0.237,-0.477,0.086,0.6336,0.196,0.028,0.396,0.067,0.825,-0.102,0.45199999999999996,-0.08,0.938,-0.331,0.086,0.5369,0.038,0.516,0.20399999999999996,0.421,0.902,1.732,0.744,0.0135,0.984,0.40547,130.0
Chandler Phillips,-0.201,0.206,296.9,0.245,0.6113,0.65,0.8056,0.457,0.053,0.51,0.6327,0.185,0.046,0.29400000000000004,0.208,0.486,-0.169,0.8200000000000001,0.242,0.09699999999999998,0.0,0.451,0.6019,0.448,0.527,0.14700000000000002,-0.164,0.25,1.744,0.602,0.0238,0.673,0.4054575,131.0
Patrick Fishburn,0.306,0.782,305.3,0.672,0.5386,0.114,0.8151,0.581,-0.067,0.369,0.6877,0.825,0.11,0.051000000000000045,0.217,0.45199999999999996,-0.195,0.893,0.227,0.13,-0.166,0.222,0.585,0.3,0.439,0.526,-0.151,0.255,1.801,0.07199999999999995,0.0284,0.33399999999999996,0.40451499999999996,132.0
Justin Lower,-0.073,0.326,297.9,0.311,0.6317,0.797,0.8197,0.627,-0.073,0.364,0.6413,0.289,0.106,0.06799999999999995,0.55,0.006000000000000005,-0.128,0.605,0.111,0.41300000000000003,-0.399,0.059,0.6027,0.469,0.51,0.22099999999999997,0.199,0.728,1.738,0.6890000000000001,0.0254,0.526,0.40418,133.0
Luke List,0.517,0.929,311.6,0.89,0.5993,0.53,0.8232,0.677,-0.762,0.038,0.6382,0.267,0.129,0.03400000000000003,0.185,0.565,-0.044,0.18700000000000006,0.091,0.45199999999999996,-0.211,0.184,0.6071,0.519,0.408,0.673,-0.177,0.239,1.806,0.03300000000000003,0.031,0.26,0.40307499999999996,134.0
David Skinns,-0.464,0.076,308.1,0.781,0.5223,0.06,0.7862,0.186,0.008,0.451,0.6595,0.562,-0.034,0.775,0.316,0.18700000000000006,-0.167,0.8029999999999999,-0.074,0.921,-0.003,0.445,0.5816,0.256,0.517,0.19799999999999995,0.014,0.451,1.762,0.356,0.0342,0.14700000000000002,0.40303249999999996,135.0
John Pak,-0.435,0.108,287.8,0.049,0.6537,0.868,0.8026,0.412,0.41,0.836,0.6444,0.316,0.057,0.22599999999999998,0.231,0.396,-0.132,0.633,0.167,0.266,-0.043,0.358,0.6146,0.612,0.402,0.718,-0.506,0.076,1.774,0.20799999999999996,0.0284,0.33399999999999996,0.39666250000000003,136.0
Tom Kim,-0.126,0.271,301.8,0.491,0.6014,0.546,0.8014,0.378,0.233,0.657,0.6285,0.147,0.132,0.029000000000000026,0.148,0.645,-0.129,0.611,0.158,0.28300000000000003,0.071,0.565,0.6012,0.442,0.44,0.52,-0.224,0.206,1.773,0.235,0.0349,0.13,0.3843475,137.0
Joe Highsmith,-0.085,0.304,297.0,0.262,0.6042,0.59,0.7825,0.158,-0.207,0.244,0.6042,0.027,-0.035,0.78,0.158,0.622,0.071,0.017000000000000015,0.273,0.07399999999999995,-0.174,0.206,0.5731,0.207,0.474,0.33899999999999997,0.265,0.798,1.72,0.858,0.0266,0.44699999999999995,0.38331,138.0
Chris Kirk,0.098,0.538,295.3,0.202,0.6036,0.579,0.8136,0.548,0.166,0.608,0.6644,0.644,0.054,0.255,0.412,0.09699999999999998,-0.084,0.33399999999999996,0.029,0.712,-0.049,0.342,0.5931,0.377,0.49,0.30000000000000004,-0.626,0.038,1.775,0.18600000000000005,0.0266,0.44699999999999995,0.3820125000000001,139.0
Rasmus Højgaard,0.231,0.701,315.7,0.95,0.5467,0.163,0.7993,0.344,-0.242,0.222,0.6653,0.661,0.035,0.362,0.222,0.43000000000000005,-0.089,0.362,0.026,0.729,0.032,0.516,0.498,0.0,0.5,0.272,-0.261,0.184,1.779,0.14300000000000002,0.0384,0.07999999999999996,0.37673749999999995,140.0
Matt Fitzpatrick,0.134,0.57,298.6,0.366,0.6098,0.644,0.8074,0.491,-0.032,0.407,0.6495,0.393,0.071,0.16400000000000003,0.188,0.554,-0.091,0.385,0.348,0.017000000000000015,-0.017,0.423,0.5849,0.295,0.482,0.31699999999999995,-0.085,0.326,1.762,0.356,0.0317,0.22599999999999998,0.376255,141.0
Camilo Villegas,-0.768,0.032,289.8,0.076,0.493,0.016,0.7342,0.011,0.032,0.478,0.6192,0.092,0.047,0.28900000000000003,0.15,0.639,-0.164,0.786,0.059,0.599,0.063,0.559,0.5765,0.224,0.467,0.385,0.14,0.619,1.742,0.623,0.0244,0.611,0.37412,142.0
Mason Andersen,-0.512,0.054,298.7,0.377,0.5562,0.245,0.7921,0.254,-0.675,0.048,0.6054,0.049,0.044,0.31699999999999995,0.263,0.30600000000000005,-0.102,0.45199999999999996,0.15,0.31100000000000005,0.103,0.63,0.6173,0.661,0.433,0.577,0.122,0.586,1.748,0.531,0.0256,0.509,0.37117500000000003,143.0
Hayden Buckley,0.452,0.907,302.4,0.535,0.6377,0.808,0.8744,0.994,-0.371,0.141,0.6685,0.699,0.107,0.05700000000000005,0.667,0.0,0.103,0.006000000000000005,0.2,0.19299999999999995,-0.569,0.016,0.5978,0.42,0.351,0.904,-0.488,0.081,1.801,0.07199999999999995,0.0389,0.05700000000000005,0.36573249999999996,144.0
Hayden Springer,0.033,0.44,308.4,0.792,0.5761,0.371,0.8007,0.355,-0.159,0.293,0.6458,0.338,0.05,0.272,0.25,0.356,-0.061,0.249,0.241,0.10799999999999998,-0.222,0.163,0.5647,0.131,0.422,0.622,0.112,0.576,1.748,0.531,0.0333,0.16400000000000003,0.3649875000000001,145.0
William Mouw,0.271,0.76,304.9,0.65,0.5601,0.256,0.7986,0.327,-0.687,0.043,0.6463,0.349,0.0,0.611,0.043,0.871,-0.047,0.19799999999999995,0.045,0.656,-0.576,0.005,0.5785,0.24,0.59,0.02300000000000002,0.059,0.505,1.784,0.11499999999999999,0.0325,0.20399999999999996,0.35971499999999995,146.0
Will Gordon,0.094,0.516,311.7,0.901,0.5452,0.153,0.7986,0.327,0.023,0.467,0.691,0.868,0.043,0.32799999999999996,0.273,0.28300000000000003,-0.016,0.10799999999999998,0.0,0.825,-0.262,0.135,0.5955,0.398,0.523,0.16400000000000003,-0.296,0.163,1.827,0.0,0.0382,0.09099999999999997,0.353025,147.0
Karl Vilips,-0.266,0.179,307.4,0.77,0.5491,0.196,0.7842,0.175,0.287,0.739,0.6765,0.743,-0.023,0.7010000000000001,0.3,0.22099999999999997,-0.092,0.402,0.25,0.09099999999999997,-0.306,0.108,0.5303,0.021,0.569,0.05700000000000005,-0.528,0.059,1.739,0.667,0.0261,0.469,0.35024000000000005,148.0
Will Chandler,-0.139,0.26,296.9,0.245,0.601,0.54,0.8013,0.372,-0.804,0.032,0.6047,0.032,0.112,0.04600000000000004,0.333,0.17600000000000005,-0.175,0.837,0.143,0.356,0.13,0.663,0.585,0.3,0.552,0.07399999999999995,0.063,0.516,1.748,0.531,0.0245,0.599,0.34537249999999997,149.0
Adam Schenk,-0.013,0.396,306.8,0.743,0.5175,0.049,0.7614,0.045,-0.102,0.331,0.6165,0.076,0.071,0.16400000000000003,0.35,0.15900000000000003,-0.05,0.20999999999999996,0.029,0.712,-0.085,0.315,0.6042,0.486,0.444,0.498,-0.045,0.375,1.767,0.31200000000000006,0.0244,0.611,0.34536,150.0
Braden Thornberry,-0.961,0.016,298.6,0.366,0.5025,0.021,0.7638,0.05,-0.838,0.021,0.5977,0.021,0.053,0.266,0.214,0.475,-0.033,0.15300000000000002,-0.059,0.893,0.08,0.581,0.5857,0.311,0.55,0.07999999999999996,0.314,0.842,1.753,0.45999999999999996,0.0153,0.961,0.34341750000000004,151.0
Nick Dunlap,-1.565,0.0,294.1,0.147,0.4659,0.005,0.7418,0.016,-0.006,0.429,0.6285,0.147,-0.054,0.871,0.207,0.492,-0.071,0.28300000000000003,-0.024,0.831,0.195,0.76,0.5732,0.213,0.573,0.04600000000000004,0.18,0.695,1.777,0.17000000000000004,0.0278,0.396,0.34180999999999995,152.0
David Lipsky,-0.469,0.07,290.0,0.081,0.6038,0.584,0.7889,0.225,0.101,0.559,0.6362,0.207,0.054,0.255,0.167,0.605,-0.092,0.402,0.077,0.509,0.157,0.706,0.6145,0.606,0.474,0.33899999999999997,-0.97,0.005,1.802,0.050000000000000044,0.041,0.03400000000000003,0.3248325,153.0
Trevor Cone,-0.089,0.293,311.5,0.879,0.5446,0.142,0.8028,0.423,-0.32,0.168,0.6667,0.683,0.036,0.356,0.0,0.944,0.229,0.0,0.045,0.656,-0.139,0.255,0.543,0.054,0.493,0.28900000000000003,-0.732,0.027,1.801,0.07199999999999995,0.0394,0.04600000000000004,0.31913749999999996,154.0
Adam Hadwin,-0.252,0.195,299.0,0.387,0.6025,0.562,0.7795,0.112,-0.383,0.125,0.6329,0.191,-0.009,0.645,0.324,0.18100000000000005,-0.043,0.17600000000000005,0.167,0.266,0.139,0.673,0.546,0.06,0.611,0.01200000000000001,-0.066,0.336,1.75,0.503,0.0251,0.565,0.31606750000000006,155.0
Jackson Suber,-0.367,0.13,305.0,0.655,0.5354,0.103,0.7609,0.033,0.617,0.94,0.655,0.475,0.022,0.43600000000000005,0.074,0.8200000000000001,-0.014,0.10199999999999998,0.065,0.565,-0.217,0.173,0.5805,0.251,0.578,0.040000000000000036,-0.297,0.157,1.791,0.09899999999999998,0.0388,0.06799999999999995,0.31586499999999995,156.0
Cam Davis,-0.293,0.168,301.9,0.513,0.5243,0.071,0.754,0.028,-0.148,0.298,0.6364,0.224,-0.089,0.955,0.464,0.05700000000000005,-0.017,0.11299999999999999,0.152,0.29400000000000004,0.122,0.652,0.5417,0.043,0.559,0.06299999999999994,-0.066,0.336,1.716,0.886,0.0328,0.17600000000000005,0.3144,157.0
Aaron Baddeley,-1.292,0.005,289.6,0.071,0.5729,0.355,0.7708,0.073,-0.265,0.206,0.6048,0.038,0.063,0.20399999999999996,0.167,0.605,-0.087,0.351,0.227,0.13,0.536,0.978,0.6024,0.453,0.553,0.06799999999999995,-0.445,0.097,1.759,0.372,0.0159,0.95,0.31402,158.0
Taylor Dickson,-0.316,0.157,296.9,0.245,0.5706,0.338,0.7804,0.129,-0.392,0.114,0.6096,0.06,-0.066,0.91,0.35,0.15900000000000003,0.0,0.09699999999999998,0.148,0.31699999999999995,0.092,0.603,0.6231,0.683,0.395,0.752,-0.187,0.233,1.813,0.01100000000000001,0.039,0.051000000000000045,0.3063625,159.0
Max Homa,-0.036,0.358,298.0,0.338,0.5882,0.448,0.782,0.152,-0.992,0.005,0.6084,0.054,0.093,0.10199999999999998,0.2,0.515,-0.104,0.469,0.15,0.31100000000000005,-0.117,0.309,0.5952,0.393,0.495,0.28300000000000003,0.009,0.44,1.753,0.45999999999999996,0.0325,0.20399999999999996,0.304545,160.0
Austin Eckroat,0.217,0.673,297.4,0.278,0.6397,0.825,0.811,0.525,-0.095,0.353,0.6346,0.202,0.033,0.373,0.412,0.09699999999999998,-0.094,0.41300000000000003,0.28,0.06799999999999995,-0.431,0.048,0.5468,0.065,0.533,0.119,-0.121,0.298,1.779,0.14300000000000002,0.031,0.26,0.29626250000000004,161.0
Frankie Capan III,-1.21,0.01,301.3,0.486,0.4239,0.0,0.7011,0.0,-0.647,0.059,0.5861,0.0,-0.024,0.712,0.294,0.243,0.055,0.02300000000000002,0.296,0.051000000000000045,-0.021,0.407,0.5671,0.158,0.569,0.05700000000000005,0.398,0.891,1.742,0.623,0.0222,0.752,0.290325,162.0
Harry Higgs,0.181,0.625,306.2,0.715,0.5535,0.229,0.7799,0.118,-0.391,0.119,0.6244,0.125,0.106,0.06799999999999995,0.263,0.30600000000000005,-0.027,0.13,0.212,0.14700000000000002,-0.527,0.027,0.5563,0.098,0.472,0.345,-0.049,0.364,1.754,0.43799999999999994,0.0242,0.633,0.28746499999999997,163.0
Peter Malnati,-0.718,0.038,298.8,0.382,0.4833,0.01,0.7224,0.005,-0.84,0.016,0.5891,0.005,-0.043,0.8140000000000001,0.222,0.43000000000000005,0.0,0.09699999999999998,0.105,0.42400000000000004,0.444,0.961,0.6038,0.475,0.523,0.16400000000000003,-0.43,0.103,1.783,0.121,0.0258,0.492,0.28526999999999997,164.0
Matthieu Pavon,-0.035,0.364,297.8,0.306,0.6014,0.546,0.7971,0.305,-0.534,0.065,0.62,0.098,-0.053,0.865,0.4,0.119,0.03,0.04600000000000004,0.074,0.532,-0.571,0.01,0.5526,0.087,0.539,0.10199999999999998,0.189,0.706,1.769,0.274,0.0344,0.136,0.28384000000000004,165.0
Rafael Campos,-0.451,0.103,302.4,0.535,0.5462,0.158,0.769,0.067,-0.653,0.054,0.5954,0.016,-0.06,0.888,0.5,0.029000000000000026,-0.118,0.56,0.326,0.03400000000000003,-0.25,0.146,0.5492,0.076,0.506,0.238,-0.034,0.391,1.743,0.613,0.0252,0.5489999999999999,0.2768875,166.0
Matthew Riedel,-0.379,0.119,303.1,0.568,0.5484,0.185,0.7883,0.22,-0.099,0.342,0.6559,0.497,0.161,0.0,0.409,0.10799999999999998,-0.034,0.15900000000000003,0.087,0.46399999999999997,-0.683,0.0,0.5874,0.333,0.418,0.639,0.01,0.445,1.807,0.02200000000000002,0.0386,0.07399999999999995,0.2571575,167.0
Ryan Palmer,-0.077,0.32,296.8,0.234,0.5541,0.234,0.7815,0.141,-1.633,0.0,0.5938,0.01,0.155,0.017000000000000015,0.091,0.786,0.086,0.01200000000000001,0.091,0.45199999999999996,-0.167,0.217,0.5513,0.081,0.467,0.385,-1.09,0.0,1.804,0.039000000000000035,0.0382,0.09099999999999997,0.18443000000000004,168.0
